mean_fit_time,std_fit_time,mean_score_time,std_score_time,param_MLP__activation,param_MLP__alpha,param_MLP__hidden_layer_sizes,param_MLP__learning_rate_init,params,split0_test_score,split1_test_score,split2_test_score,split3_test_score,split4_test_score,mean_test_score,std_test_score,rank_test_score,split0_train_score,split1_train_score,split2_train_score,split3_train_score,split4_train_score,mean_train_score,std_train_score
0.5572329044342041,0.10222142908165613,0.004151201248168946,0.000638673464643189,relu,0.1,"(23,)",0.001,"{'MLP__activation': 'relu', 'MLP__alpha': 0.1, 'MLP__hidden_layer_sizes': (23,), 'MLP__learning_rate_init': 0.001}",0.6394119549170977,0.6476083164809122,0.6233242043087787,0.6235486513528791,0.6276480590859647,0.6323087273914527,0.009630385974803,143,0.6370052404095272,0.6375861853995985,0.6320096745802258,0.635041401445745,0.6311981559797598,0.6345681315629712,0.0025758326978545325
0.38150711059570314,0.06729877473910834,0.0036735057830810545,0.00028697403185101413,relu,0.1,"(23,)",0.004,"{'MLP__activation': 'relu', 'MLP__alpha': 0.1, 'MLP__hidden_layer_sizes': (23,), 'MLP__learning_rate_init': 0.004}",0.6451423862790993,0.6199431400821612,0.652931565567254,0.6159998246743629,0.6459117180002711,0.6359856948651412,0.015008857248313039,136,0.6490018195577706,0.6167597802838504,0.6516929090319277,0.6288490688924346,0.6514282731214428,0.6395463701774853,0.014225220423312208
0.2873529434204102,0.10455878316316132,0.0035913944244384765,0.00028908665545947075,relu,0.1,"(23,)",0.016,"{'MLP__activation': 'relu', 'MLP__alpha': 0.1, 'MLP__hidden_layer_sizes': (23,), 'MLP__learning_rate_init': 0.016}",0.6748865095302782,0.5902556731446467,0.6686549500775363,0.6151919664583919,0.6360092162970515,0.637001282988799,0.03193532955082898,134,0.678796456013454,0.5951434028648056,0.6714116759000821,0.6327850182042025,0.6446724139277331,0.6445617933820553,0.029912573638949006
0.46034793853759765,0.14066373455107206,0.0036286830902099608,0.00024149574994270867,relu,0.1,"(11,)",0.001,"{'MLP__activation': 'relu', 'MLP__alpha': 0.1, 'MLP__hidden_layer_sizes': (11,), 'MLP__learning_rate_init': 0.001}",0.6515414456164952,0.6389251631586426,0.6368545069268741,0.6304717468781456,0.6192416423727779,0.6354082468157222,0.010587430079816615,140,0.6488227204221707,0.6319790236391113,0.6373465443272367,0.6441867352647273,0.6215679578183645,0.636780596294322,0.009535862986629803
0.32576403617858884,0.05019042762765072,0.0034001827239990234,0.00017178707024529676,relu,0.1,"(11,)",0.004,"{'MLP__activation': 'relu', 'MLP__alpha': 0.1, 'MLP__hidden_layer_sizes': (11,), 'MLP__learning_rate_init': 0.004}",0.6541684861910066,0.6611544890920249,0.6342865909138999,0.6404388582069024,0.6348444459909157,0.6449793792472917,0.010804989430233882,127,0.6512267952212011,0.6557054896331558,0.6408234145035027,0.6510798744629411,0.6407467661069344,0.647916467985547,0.006055580862354548
0.18109841346740724,0.024912527116172662,0.0033013343811035155,0.00016838843792987338,relu,0.1,"(11,)",0.016,"{'MLP__activation': 'relu', 'MLP__alpha': 0.1, 'MLP__hidden_layer_sizes': (11,), 'MLP__learning_rate_init': 0.016}",0.6630719413481051,0.6604055765644035,0.647747367848301,0.6421188103248663,0.6266931970555857,0.6480088944092646,0.013188223258880501,114,0.6645794050576475,0.6505664613575877,0.6478649348052986,0.6539360493032789,0.6343132524597158,0.6502520205967057,0.009784553074053572
0.5284791946411133,0.15791351238800547,0.0047858238220214845,0.00034206884603289755,relu,0.1,"(46,)",0.001,"{'MLP__activation': 'relu', 'MLP__alpha': 0.1, 'MLP__hidden_layer_sizes': (46,), 'MLP__learning_rate_init': 0.001}",0.6573415099861037,0.6388662174702928,0.6456124759305106,0.6384165676681387,0.6467389961417219,0.6453955952107637,0.006869142543938939,125,0.6603900868305617,0.6348365920619242,0.6493264642682067,0.6502648176750853,0.6547734376249601,0.6499182796921475,0.008498928628267888
0.5137211799621582,0.165006454340094,0.004967832565307617,0.0002904607119530068,relu,0.1,"(46,)",0.004,"{'MLP__activation': 'relu', 'MLP__alpha': 0.1, 'MLP__hidden_layer_sizes': (46,), 'MLP__learning_rate_init': 0.004}",0.6507224707856165,0.6538731851529413,0.6578694005374638,0.647030195306714,0.6644038176326985,0.6547792438269682,0.005991522718674718,71,0.6473215348687262,0.6458983537318903,0.6652165561818209,0.6557152368371372,0.676169881888549,0.6580643127016248,0.011383340573134969
0.3620934009552002,0.05206596895516478,0.004851722717285156,0.00036330556348520556,relu,0.1,"(46,)",0.016,"{'MLP__activation': 'relu', 'MLP__alpha': 0.1, 'MLP__hidden_layer_sizes': (46,), 'MLP__learning_rate_init': 0.016}",0.6605786263686727,0.6555478472732329,0.6569119109587592,0.6408401423160516,0.6597365417907836,0.6547230488283574,0.0071781795735768004,72,0.6615756560228269,0.6493153156084025,0.6638957470555531,0.6512895574487526,0.6640170982071508,0.6580186748685372,0.0063906597254557865
0.6979494571685791,0.08168194568824406,0.00579833984375,0.0007783731504764862,relu,0.1,"(23, 23)",0.001,"{'MLP__activation': 'relu', 'MLP__alpha': 0.1, 'MLP__hidden_layer_sizes': (23, 23), 'MLP__learning_rate_init': 0.001}",0.6527505163923405,0.6442537022426568,0.6494537699546269,0.6409255379927633,0.6581375828349745,0.6491039974223706,0.006089719826897898,107,0.644133678914509,0.6379825690703959,0.653875448148961,0.655228994653383,0.6592929503026621,0.6501027282179822,0.00784219373084056
0.4482901573181152,0.07915055008248936,0.005961084365844726,0.00018923645339273366,relu,0.1,"(23, 23)",0.004,"{'MLP__activation': 'relu', 'MLP__alpha': 0.1, 'MLP__hidden_layer_sizes': (23, 23), 'MLP__learning_rate_init': 0.004}",0.6621358621825528,0.6710467847394147,0.6550392517827291,0.6477254521436582,0.6727073603801091,0.6617305017666013,0.009469298217477076,16,0.6680723578775211,0.6596741841964251,0.6625902673365164,0.6622558862758596,0.675041015206089,0.6655267421784823,0.005487720260683808
0.379941987991333,0.17111571632995445,0.005649852752685547,0.00015663918475248637,relu,0.1,"(23, 23)",0.016,"{'MLP__activation': 'relu', 'MLP__alpha': 0.1, 'MLP__hidden_layer_sizes': (23, 23), 'MLP__learning_rate_init': 0.016}",0.658561661602219,0.6717851172716913,0.6554299558965336,0.6253676548382318,0.6654101166459657,0.6553106158986348,0.016003465375084472,66,0.6625161193946365,0.6618281588093835,0.6621486040452847,0.640296766301305,0.666396564225156,0.6586372425551532,0.009318126781583445
0.6740249156951904,0.15919105223063,0.004103851318359375,0.000674532930499461,relu,0.1,"(11, 11)",0.001,"{'MLP__activation': 'relu', 'MLP__alpha': 0.1, 'MLP__hidden_layer_sizes': (11, 11), 'MLP__learning_rate_init': 0.001}",0.6456994503399552,0.6542208135714135,0.645617765928183,0.6525673114418116,0.6363528859425247,0.6468920348849607,0.006324817731628227,119,0.6426178400817472,0.6466158833665002,0.6505253624845803,0.661312651393643,0.6427557445217866,0.6487654963696514,0.0069146201502178345
0.6303405284881591,0.1338128527820516,0.0038668632507324217,0.0002653783387363391,relu,0.1,"(11, 11)",0.004,"{'MLP__activation': 'relu', 'MLP__alpha': 0.1, 'MLP__hidden_layer_sizes': (11, 11), 'MLP__learning_rate_init': 0.004}",0.6631581956161174,0.6651937801718795,0.6505722266053632,0.6465004398255207,0.6644799645387387,0.6579808662778188,0.007845432583709963,42,0.6684086431576729,0.6568479595692907,0.6511307284132776,0.6617146015209953,0.6717226059103207,0.6619649077143114,0.0074881192990580835
0.2920535087585449,0.0517007562586098,0.004302024841308594,0.0012570193282577615,relu,0.1,"(11, 11)",0.016,"{'MLP__activation': 'relu', 'MLP__alpha': 0.1, 'MLP__hidden_layer_sizes': (11, 11), 'MLP__learning_rate_init': 0.016}",0.6483098696540612,0.6624868127915166,0.6463455184651147,0.6304075111921236,0.6606090794343343,0.6496312458403558,0.011557228925709196,105,0.6511411274732309,0.6570297787789385,0.6556783187115562,0.6444396114339331,0.6642953004158794,0.6545168273627076,0.006576141008894991
0.874222993850708,0.17794224143809934,0.008555030822753907,0.00037391877081333134,relu,0.1,"(46, 46)",0.001,"{'MLP__activation': 'relu', 'MLP__alpha': 0.1, 'MLP__hidden_layer_sizes': (46, 46), 'MLP__learning_rate_init': 0.001}",0.6575504090089247,0.6756264112958076,0.6570615423214927,0.6499457397381602,0.6493504315915863,0.65790724845692,0.00950158716701206,44,0.6573318584622666,0.6674311398224444,0.6631468736252644,0.6633844203872392,0.6549861017755193,0.6612560788145468,0.004493293641878454
0.8716808319091797,0.2983207735544004,0.008529472351074218,0.00012650907684280227,relu,0.1,"(46, 46)",0.004,"{'MLP__activation': 'relu', 'MLP__alpha': 0.1, 'MLP__hidden_layer_sizes': (46, 46), 'MLP__learning_rate_init': 0.004}",0.6558483667596955,0.6752251271866583,0.6401448854791075,0.6535195110228438,0.6587364202583044,0.6566947418057595,0.011244901953835547,58,0.6540669723997413,0.6689846221086962,0.6495277857591649,0.6704579852126256,0.668099231326581,0.6622273193613617,0.008668953421825887
0.8144708156585694,0.3744506857244946,0.007979393005371094,0.0002613789744038872,relu,0.1,"(46, 46)",0.016,"{'MLP__activation': 'relu', 'MLP__alpha': 0.1, 'MLP__hidden_layer_sizes': (46, 46), 'MLP__learning_rate_init': 0.016}",0.6589462171270505,0.6719294586367524,0.6573933007469477,0.642461148745666,0.6488791780571846,0.6559222801226815,0.009983353904624584,62,0.6602842540915485,0.6646042223407458,0.6627282005082057,0.6556260711787444,0.6559705186735135,0.6598426533585515,0.003576784171028402
0.637177848815918,0.15212024991683942,0.007870817184448242,0.0001602145603493185,relu,0.1,"(23, 23, 23)",0.001,"{'MLP__activation': 'relu', 'MLP__alpha': 0.1, 'MLP__hidden_layer_sizes': (23, 23, 23), 'MLP__learning_rate_init': 0.001}",0.6349768485989538,0.6687834214495803,0.6580296118955421,0.6574945664166765,0.6472987515437397,0.6533161265682758,0.011415024819331094,82,0.6359694637942271,0.6636575074390142,0.666907278785198,0.6691504190565492,0.6518589697813979,0.6575087277712773,0.0123087683101314
0.6078550338745117,0.23444143039231316,0.00782604217529297,4.0870369024798126e-05,relu,0.1,"(23, 23, 23)",0.004,"{'MLP__activation': 'relu', 'MLP__alpha': 0.1, 'MLP__hidden_layer_sizes': (23, 23, 23), 'MLP__learning_rate_init': 0.004}",0.6555334442424711,0.6837261534462067,0.6450933004446621,0.6703613521838622,0.6630538489739582,0.6635533065080349,0.013104549283470022,11,0.6637011846589725,0.6777238250529,0.6525337431589074,0.6779996913962785,0.6670011264422624,0.6677919141418642,0.00951853733988235
0.39890007972717284,0.09621625958334232,0.007595062255859375,8.031868645844795e-05,relu,0.1,"(23, 23, 23)",0.016,"{'MLP__activation': 'relu', 'MLP__alpha': 0.1, 'MLP__hidden_layer_sizes': (23, 23, 23), 'MLP__learning_rate_init': 0.016}",0.6483684218213981,0.6742192719149489,0.6540281065133475,0.6493358785779276,0.6780310881090302,0.6607953174429019,0.012718382320596255,22,0.6493980958831229,0.664590987243902,0.6609406514794941,0.661539750223725,0.6795645423456774,0.6632068054351843,0.009675603365523302
0.6312086105346679,0.1701136712225199,0.004957914352416992,0.0006809462515439304,relu,0.1,"(11, 11, 11)",0.001,"{'MLP__activation': 'relu', 'MLP__alpha': 0.1, 'MLP__hidden_layer_sizes': (11, 11, 11), 'MLP__learning_rate_init': 0.001}",0.6540624626966032,0.6725982654853346,0.6252497634615327,0.6435788496824489,0.6488586284782368,0.648869810787257,0.015335643734347178,108,0.6497953800643339,0.6580343234167316,0.6388770443126631,0.651476266007086,0.6557337913661173,0.6507833610333863,0.006637767960931927
0.6322701454162598,0.2333729192145033,0.004509353637695312,4.016361765145834e-05,relu,0.1,"(11, 11, 11)",0.004,"{'MLP__activation': 'relu', 'MLP__alpha': 0.1, 'MLP__hidden_layer_sizes': (11, 11, 11), 'MLP__learning_rate_init': 0.004}",0.6624033133727106,0.6643111062745418,0.6562536841055218,0.6570290466215052,0.6278888547656616,0.6535786391304301,0.013205799149487977,81,0.6665808178195971,0.6596602483716697,0.6614770547590204,0.6736053558035726,0.6271615122235484,0.6576969977954816,0.016015974371362544
0.6473721981048584,0.23956420791680544,0.004443693161010742,7.81852135756549e-05,relu,0.1,"(11, 11, 11)",0.016,"{'MLP__activation': 'relu', 'MLP__alpha': 0.1, 'MLP__hidden_layer_sizes': (11, 11, 11), 'MLP__learning_rate_init': 0.016}",0.6706215192940095,0.6788631341573638,0.6543651549364746,0.6468321982509756,0.6551454128549089,0.6611661287365147,0.011752134385040072,20,0.6725772924657861,0.6682663996195222,0.6586111248413541,0.6589273893298287,0.6595417209957176,0.6635847854504417,0.005754262807917228
1.446508026123047,0.4490879261357544,0.010646343231201172,0.0008774169494426148,relu,0.1,"(46, 46, 46)",0.001,"{'MLP__activation': 'relu', 'MLP__alpha': 0.1, 'MLP__hidden_layer_sizes': (46, 46, 46), 'MLP__learning_rate_init': 0.001}",0.6615147055342251,0.6620107130010005,0.6473672437298413,0.6601161381203277,0.6691101754959257,0.660023478698349,0.007055679234364794,28,0.6587180697091065,0.6593558175242161,0.6592387880896601,0.6709177650760388,0.677226527614523,0.6650913936027089,0.007602330744268238
1.1478231430053711,0.2449772674024489,0.010440397262573241,0.0005904544469846855,relu,0.1,"(46, 46, 46)",0.004,"{'MLP__activation': 'relu', 'MLP__alpha': 0.1, 'MLP__hidden_layer_sizes': (46, 46, 46), 'MLP__learning_rate_init': 0.004}",0.6589572979673207,0.6723949784319238,0.6465382255231807,0.6548518347223354,0.6690525610322494,0.660358558899441,0.009420561430135367,27,0.661956775140933,0.6665882192584248,0.6537354206668847,0.6671761693428514,0.6771489540421884,0.6653211076902565,0.007622226080246986
0.8291045188903808,0.1403414977514404,0.009842872619628906,0.0011797065202352732,relu,0.1,"(46, 46, 46)",0.016,"{'MLP__activation': 'relu', 'MLP__alpha': 0.1, 'MLP__hidden_layer_sizes': (46, 46, 46), 'MLP__learning_rate_init': 0.016}",0.6433121588549262,0.6231639929507002,0.6620477429847074,0.6518879245978845,0.6615639414647134,0.6483943916796442,0.01438351260646288,112,0.6417785717372274,0.6228538849560031,0.6637292572531361,0.6639598361027333,0.666268156545248,0.6517179413188696,0.016957413003787426
0.6510764122009277,0.27081483603558365,0.00506138801574707,0.0006008102401679998,relu,0.01,"(23,)",0.001,"{'MLP__activation': 'relu', 'MLP__alpha': 0.01, 'MLP__hidden_layer_sizes': (23,), 'MLP__learning_rate_init': 0.001}",0.6418356368889231,0.6339442524931003,0.6489670901687661,0.6249610807314101,0.6298705653882559,0.635916223678737,0.008553573121427743,137,0.638131692556594,0.6284373636877536,0.6551565441113496,0.6358000299533625,0.6306310463306055,0.637631335327933,0.009426241458822003
0.3590826511383057,0.0633754725473387,0.004746341705322265,0.00016812818394354825,relu,0.01,"(23,)",0.004,"{'MLP__activation': 'relu', 'MLP__alpha': 0.01, 'MLP__hidden_layer_sizes': (23,), 'MLP__learning_rate_init': 0.004}",0.6457469216670219,0.6594692469763885,0.6539480008343083,0.6178188281597156,0.6528529371273654,0.6459668908689823,0.014736222867098645,123,0.6486367316469134,0.6498496324508891,0.654031490019485,0.6310044370878687,0.6569388934669498,0.6480922369344212,0.009043405067805425
0.36020774841308595,0.14006145647662238,0.00491180419921875,8.793808066521904e-05,relu,0.01,"(23,)",0.016,"{'MLP__activation': 'relu', 'MLP__alpha': 0.01, 'MLP__hidden_layer_sizes': (23,), 'MLP__learning_rate_init': 0.016}",0.666373150318146,0.6498981297591087,0.6687940014449251,0.6320179376263931,0.6669452836573107,0.6568056767222876,0.014143634434046539,56,0.6700339445853133,0.6392532171008916,0.6747603679819875,0.6416259290490786,0.6688415604298366,0.6589030038294215,0.015223272832871284
0.48167905807495115,0.17220017756906703,0.003742837905883789,0.00022779068531755158,relu,0.01,"(11,)",0.001,"{'MLP__activation': 'relu', 'MLP__alpha': 0.01, 'MLP__hidden_layer_sizes': (11,), 'MLP__learning_rate_init': 0.001}",0.6504605600155938,0.6398667827443298,0.6362499357643139,0.632221224679804,0.6197128959071794,0.6357035609749153,0.010032149265302368,138,0.646172161874753,0.6325704616164003,0.6374991061782456,0.6454162844222154,0.6215345197122988,0.6366385067607826,0.009092414507934847
0.30225253105163574,0.06824992873983796,0.0033679962158203124,0.0001374506247128002,relu,0.01,"(11,)",0.004,"{'MLP__activation': 'relu', 'MLP__alpha': 0.01, 'MLP__hidden_layer_sizes': (11,), 'MLP__learning_rate_init': 0.004}",0.6539651275883207,0.6579283462258133,0.6489081444804164,0.6400375740977531,0.608365746196815,0.6418428876920482,0.01777292221826456,130,0.650939107490725,0.654814502283751,0.6566124992443555,0.6511627729368678,0.6155784908847471,0.6458214745680892,0.015275329509536
0.1880953311920166,0.03746361788103968,0.0034261703491210937,0.0002022261047266281,relu,0.01,"(11,)",0.016,"{'MLP__activation': 'relu', 'MLP__alpha': 0.01, 'MLP__hidden_layer_sizes': (11,), 'MLP__learning_rate_init': 0.016}",0.6679193052917561,0.6589289114998503,0.647747367848301,0.6448794333959064,0.6514206440817969,0.6541798198677392,0.008328886496096945,77,0.6654410903211446,0.6519980327339454,0.6466367792302862,0.6547949921290933,0.6519619446645315,0.6541665678158002,0.00622527748175032
0.5878184318542481,0.16010618803475676,0.005392980575561523,0.0006983421798968411,relu,0.01,"(46,)",0.001,"{'MLP__activation': 'relu', 'MLP__alpha': 0.01, 'MLP__hidden_layer_sizes': (46,), 'MLP__learning_rate_init': 0.001}",0.6395456805121766,0.6556279529522722,0.6507913836517912,0.6372074253430184,0.6546865142820835,0.6475711604801947,0.007716582242124704,116,0.6345594577004786,0.6466291184633444,0.6558016232039262,0.6492574937456884,0.6671442380727662,0.6506783862372407,0.010729465931133766
0.4004464626312256,0.05988757182116339,0.005717802047729492,0.00035048307682698484,relu,0.01,"(46,)",0.004,"{'MLP__activation': 'relu', 'MLP__alpha': 0.01, 'MLP__hidden_layer_sizes': (46,), 'MLP__learning_rate_init': 0.004}",0.6522907874397669,0.65280309419521,0.6576608234863806,0.6489988301548004,0.6638502397114687,0.6551202733536807,0.005167201845506829,69,0.6532044131362421,0.6486263504778674,0.6636324229544542,0.659769617039284,0.6722121341156465,0.6594889875446989,0.008205096320153621
0.33770222663879396,0.06433315783952277,0.005427169799804688,0.0003134237764135618,relu,0.01,"(46,)",0.016,"{'MLP__activation': 'relu', 'MLP__alpha': 0.01, 'MLP__hidden_layer_sizes': (46,), 'MLP__learning_rate_init': 0.016}",0.645827635514899,0.6511715077702509,0.649839184070759,0.6580296118955421,0.6535917134011998,0.6516916070272849,0.004046609877503132,94,0.6483595634119601,0.6427140650153622,0.6517904361851736,0.6695384412324931,0.6615988414672314,0.654800269462444,0.009592209517625364
0.8618810653686524,0.12424269883580683,0.005958652496337891,0.0007567737496354799,relu,0.01,"(23, 23)",0.001,"{'MLP__activation': 'relu', 'MLP__alpha': 0.01, 'MLP__hidden_layer_sizes': (23, 23), 'MLP__learning_rate_init': 0.001}",0.6585450403418138,0.6593838512996768,0.6615074075081693,0.6372875310220578,0.6439690893989891,0.6521391912454306,0.009680914172069899,88,0.6502465057952344,0.6487454742228105,0.6643179080654743,0.6538615123242056,0.6496667508601655,0.6533676302535781,0.005743774999061385
0.4665510654449463,0.107521903908032,0.005602359771728516,9.955510289568529e-05,relu,0.01,"(23, 23)",0.004,"{'MLP__activation': 'relu', 'MLP__alpha': 0.01, 'MLP__hidden_layer_sizes': (23, 23), 'MLP__learning_rate_init': 0.004}",0.6590324713950628,0.6685589744054798,0.6639309821560822,0.6455104545468285,0.6545403979507909,0.6583148432605758,0.007939699945944264,40,0.6663663964857075,0.6598309267948606,0.6651127618441086,0.6626557499661722,0.664590890754622,0.6637113451690941,0.0022785431582220254
0.36083712577819826,0.13718266567031484,0.005434417724609375,0.00013514364255264892,relu,0.01,"(23, 23)",0.016,"{'MLP__activation': 'relu', 'MLP__alpha': 0.01, 'MLP__hidden_layer_sizes': (23, 23), 'MLP__learning_rate_init': 0.016}",0.6558008954326289,0.672924733913117,0.6481645219504675,0.6377583408149015,0.6681224089250225,0.6565536668108319,0.012853237438867605,59,0.665680180501945,0.661209549910495,0.6607755473862055,0.64688199463255,0.6715219772739266,0.6612138499410244,0.00814616231109603
0.739491319656372,0.20672250030853448,0.003956890106201172,0.00047479910660628015,relu,0.01,"(11, 11)",0.001,"{'MLP__activation': 'relu', 'MLP__alpha': 0.01, 'MLP__hidden_layer_sizes': (11, 11), 'MLP__learning_rate_init': 0.001}",0.6576952154442738,0.6641932148978426,0.6452860075027281,0.6408454323137239,0.6360853632030917,0.648821947082842,0.01051990112412722,109,0.6583676350775666,0.652777564978696,0.6501735655796529,0.6512979189436059,0.6423357609650225,0.6509904891089088,0.005162985942412587
0.5549108505249023,0.14265122491581597,0.0035794734954833984,5.702254719053216e-05,relu,0.01,"(11, 11)",0.004,"{'MLP__activation': 'relu', 'MLP__alpha': 0.01, 'MLP__hidden_layer_sizes': (11, 11), 'MLP__learning_rate_init': 0.004}",0.6582942104120613,0.6593249056113272,0.6426969314990644,0.64258962011771,0.6565653509389013,0.6518942757516242,0.007604789444641858,91,0.6614231075899988,0.6557932617090728,0.6470714746091398,0.655485350842104,0.6584663568572614,0.6556479103215154,0.004793732293390589
0.28203372955322265,0.06918849391163666,0.0036756038665771485,9.140380030542597e-05,relu,0.01,"(11, 11)",0.016,"{'MLP__activation': 'relu', 'MLP__alpha': 0.01, 'MLP__hidden_layer_sizes': (11, 11), 'MLP__learning_rate_init': 0.016}",0.6644954515669065,0.6692920169400839,0.652867329881232,0.6149833894073087,0.6689825916069972,0.6541239689163373,0.02045461572273586,78,0.6665675424682113,0.6572471304050391,0.6541478265994772,0.630583669660423,0.6703101765317896,0.6557712691329881,0.013908042605802506
0.8190672397613525,0.13324130048595118,0.008352994918823242,0.00044146564243665784,relu,0.01,"(46, 46)",0.001,"{'MLP__activation': 'relu', 'MLP__alpha': 0.01, 'MLP__hidden_layer_sizes': (46, 46), 'MLP__learning_rate_init': 0.001}",0.6574166834138457,0.6762309824583677,0.6553815902035289,0.6539850308180151,0.6499616239764923,0.6585954928015265,0.009148924167030746,35,0.6577707166976394,0.6689964636230648,0.6639897941892838,0.6651002196018286,0.6590053731447048,0.6629725134513043,0.004114531830315115
0.9000782012939453,0.3087624549101041,0.008535814285278321,0.00014043274470003754,relu,0.01,"(46, 46)",0.004,"{'MLP__activation': 'relu', 'MLP__alpha': 0.01, 'MLP__hidden_layer_sizes': (46, 46), 'MLP__learning_rate_init': 0.004}",0.6473096979010371,0.666199635443589,0.6507860936541188,0.6365439084921087,0.6577939131895014,0.6517262128937673,0.009971811635374679,93,0.6467320100563859,0.6683228200264132,0.6660720111147729,0.6562258627775396,0.66801764329236,0.6610740694534943,0.008425399683061607
0.7138036251068115,0.2468387843768962,0.007921361923217773,7.651900831489051e-05,relu,0.01,"(46, 46)",0.016,"{'MLP__activation': 'relu', 'MLP__alpha': 0.01, 'MLP__hidden_layer_sizes': (46, 46), 'MLP__learning_rate_init': 0.016}",0.6478335194410825,0.6537394237832249,0.6476937121576238,0.6362605157596587,0.6602715872696492,0.6491592334294216,0.007933717659205003,106,0.6491419666392153,0.6464431185062698,0.6602523792035229,0.6464932717286946,0.6674371521035843,0.6539535776362574,0.008446258847137275
0.5861632347106933,0.13513604118102962,0.0077744007110595705,6.704310095635432e-05,relu,0.01,"(23, 23, 23)",0.001,"{'MLP__activation': 'relu', 'MLP__alpha': 0.01, 'MLP__hidden_layer_sizes': (23, 23, 23), 'MLP__learning_rate_init': 0.001}",0.6621303217624178,0.67220756137153,0.6557450886150181,0.6568847052564439,0.6462924525304726,0.6586526858183945,0.008487102427664726,34,0.6609045972463111,0.664490672925705,0.6679320185588653,0.6659194571371113,0.6524314320464007,0.6623356355828787,0.00545799567072344
0.5883433818817139,0.12623174670891926,0.007720375061035156,0.00012377287383762278,relu,0.01,"(23, 23, 23)",0.004,"{'MLP__activation': 'relu', 'MLP__alpha': 0.01, 'MLP__hidden_layer_sizes': (23, 23, 23), 'MLP__learning_rate_init': 0.004}",0.6648269953445363,0.6773970490881556,0.6735769150547288,0.6731219752549022,0.6672313388391075,0.6712307545353071,0.004563179641241823,1,0.6686784178250396,0.6690946915042221,0.6812132374714456,0.6825472816945573,0.6722402274773576,0.6747547711945243,0.005961820343153862
0.5504981994628906,0.178719933773323,0.007613515853881836,0.00017828517300709398,relu,0.01,"(23, 23, 23)",0.016,"{'MLP__activation': 'relu', 'MLP__alpha': 0.01, 'MLP__hidden_layer_sizes': (23, 23, 23), 'MLP__learning_rate_init': 0.016}",0.6553190047995149,0.6840684918670064,0.6587309144441119,0.6722498813529093,0.6833857032418914,0.6707496296953184,0.012015683422966432,2,0.6580780654912297,0.6813685864874054,0.6614875026909132,0.6813135517896425,0.6863150567950326,0.6737125526508447,0.011568078388270259
0.6275323390960693,0.21747314368054912,0.004912233352661133,0.0007429565562184268,relu,0.01,"(11, 11, 11)",0.001,"{'MLP__activation': 'relu', 'MLP__alpha': 0.01, 'MLP__hidden_layer_sizes': (11, 11, 11), 'MLP__learning_rate_init': 0.001}",0.6482038461596578,0.6738285678011444,0.6274058153700127,0.6311133480244125,0.6491961206429219,0.6459494982548598,0.01647327260495325,124,0.6448103832586073,0.6632778467579232,0.6397199648766826,0.6408248159593254,0.655547874551813,0.6488361770808703,0.009133487328217206
0.657014799118042,0.2699753949274164,0.004502630233764649,6.189313250719349e-05,relu,0.01,"(11, 11, 11)",0.004,"{'MLP__activation': 'relu', 'MLP__alpha': 0.01, 'MLP__hidden_layer_sizes': (11, 11, 11), 'MLP__learning_rate_init': 0.004}",0.6659664331127744,0.6739464591778437,0.6555954572522845,0.6244577752385788,0.6550301839275565,0.6549997174188569,0.016807373373084633,70,0.6661057633859321,0.6669309618139347,0.6612555302588407,0.6325837045865917,0.6664808206958074,0.6586713561482213,0.013203959656740885
0.514175271987915,0.06112332055361729,0.0044953346252441405,0.00012156237410173809,relu,0.01,"(11, 11, 11)",0.016,"{'MLP__activation': 'relu', 'MLP__alpha': 0.01, 'MLP__hidden_layer_sizes': (11, 11, 11), 'MLP__learning_rate_init': 0.016}",0.6659023405253025,0.6632304353214655,0.6574416664399524,0.6456872916118773,0.6501406448483088,0.6564811324867011,0.007641384371712132,60,0.6724673259429783,0.6534978739049099,0.6576880929683591,0.6582077732581789,0.6513654034997041,0.658645293914826,0.007370874637094942
1.3418787479400636,0.3483491971127058,0.010653066635131835,0.0009080319671329781,relu,0.01,"(46, 46, 46)",0.001,"{'MLP__activation': 'relu', 'MLP__alpha': 0.01, 'MLP__hidden_layer_sizes': (46, 46, 46), 'MLP__learning_rate_init': 0.001}",0.6620551483346757,0.677311653411444,0.6520111059722563,0.6588268901161684,0.6681738459079106,0.6636754738027587,0.008583341685635537,10,0.6602820021636147,0.667367050775264,0.6622851436344986,0.6701410199962394,0.6767075678935242,0.6673565568926282,0.005847449164966932
1.2346171855926513,0.2532057943984387,0.010624217987060546,0.0012839905943443973,relu,0.01,"(46, 46, 46)",0.004,"{'MLP__activation': 'relu', 'MLP__alpha': 0.01, 'MLP__hidden_layer_sizes': (46, 46, 46), 'MLP__learning_rate_init': 0.004}",0.6609157105664375,0.6696396453585561,0.668858237130947,0.6656320942647356,0.6427919641312771,0.661568285446492,0.00987631029647951,19,0.6650017281578424,0.6661653653939396,0.679170025108577,0.6799948291004144,0.6559544608259679,0.6692572817173483,0.009145404656556992
0.9489723205566406,0.26369174098334636,0.009738016128540038,0.0009931275289537232,relu,0.01,"(46, 46, 46)",0.016,"{'MLP__activation': 'relu', 'MLP__alpha': 0.01, 'MLP__hidden_layer_sizes': (46, 46, 46), 'MLP__learning_rate_init': 0.016}",0.6472234436330248,0.6560828927520985,0.6476884221599514,0.6500046854265098,0.6557689602013909,0.6513533247714047,0.003851555484549382,96,0.6518525162318337,0.6483024173491034,0.651203178955311,0.6646940808537026,0.6645133171822875,0.6561131021144476,0.0070351054477505144
0.662492036819458,0.26041761778184414,0.005268573760986328,0.0009165890195366978,relu,0.001,"(23,)",0.001,"{'MLP__activation': 'relu', 'MLP__alpha': 0.001, 'MLP__hidden_layer_sizes': (23,), 'MLP__learning_rate_init': 0.001}",0.6414985526911584,0.6433710283453189,0.6509198550238352,0.6249610807314101,0.6293993118538544,0.6380304698641502,0.00950766237985678,133,0.6374761610593976,0.636284185700077,0.6548395788949635,0.6358508839036988,0.6309507155691727,0.6390803050254619,0.00818859767663675
0.3721138954162598,0.10871569535079431,0.004737377166748047,9.753482317682387e-05,relu,0.001,"(23,)",0.004,"{'MLP__activation': 'relu', 'MLP__alpha': 0.001, 'MLP__hidden_layer_sizes': (23,), 'MLP__learning_rate_init': 0.004}",0.6547841024191994,0.6598062953995157,0.6584686817023515,0.6176850667899991,0.6697913373060838,0.6521064714219762,0.017913450987326617,90,0.6595994160357175,0.651160686499828,0.6587880704490112,0.6311061449885412,0.6715661127401955,0.6544440861426587,0.013371997840969398
0.326050329208374,0.09843917021791102,0.004792404174804687,0.0002681563363249196,relu,0.001,"(23,)",0.016,"{'MLP__activation': 'relu', 'MLP__alpha': 0.001, 'MLP__hidden_layer_sizes': (23,), 'MLP__learning_rate_init': 0.016}",0.6664538641660233,0.6487585131176827,0.6656963299507576,0.6309425566709893,0.6674865066169643,0.6558675110777147,0.014251063374651013,63,0.6723766504112115,0.6415569663999077,0.673347606032376,0.6419965353807522,0.6692789321166145,0.6597113380681723,0.014705728418122049
0.5442419528961182,0.1170099111001788,0.0037362098693847655,0.00023145935000556933,relu,0.001,"(11,)",0.001,"{'MLP__activation': 'relu', 'MLP__alpha': 0.001, 'MLP__hidden_layer_sizes': (11,), 'MLP__learning_rate_init': 0.001}",0.6507976442133586,0.6398667827443298,0.6362499357643139,0.6294658916064363,0.6368755764598143,0.6386517462438069,0.006961790372642195,132,0.6460718408474657,0.6326881917788679,0.6376837125528445,0.6444904653842696,0.6420495219610272,0.6405967465048951,0.004863728322140371
0.3252246379852295,0.06129142797853954,0.0037807941436767576,0.00027979825236082835,relu,0.001,"(11,)",0.004,"{'MLP__activation': 'relu', 'MLP__alpha': 0.001, 'MLP__hidden_layer_sizes': (11,), 'MLP__learning_rate_init': 0.004}",0.6521459810044178,0.6591374885509336,0.6486406217409835,0.6469123039300148,0.636799429553774,0.6487278043956685,0.007288456844561166,111,0.650248757723168,0.6546807498594883,0.6565107913436828,0.6620921757650464,0.6426995577983646,0.6532464064979501,0.0064989706707361625
0.18895201683044432,0.03515205316256956,0.0038949012756347655,0.00026660910047059344,relu,0.001,"(11,)",0.016,"{'MLP__activation': 'relu', 'MLP__alpha': 0.001, 'MLP__hidden_layer_sizes': (11,), 'MLP__learning_rate_init': 0.016}",0.6667102345159109,0.6620855286823674,0.6399310184303518,0.641781761901739,0.6489306150400729,0.6518885725315666,0.010747871944063072,92,0.6669207329556143,0.6509210454274662,0.6429188743991828,0.653514589021269,0.6498272506206831,0.6528204984848431,0.007872839234109684
0.6308520317077637,0.13710442010787535,0.0052795886993408205,0.0007597004023365508,relu,0.001,"(46,)",0.001,"{'MLP__activation': 'relu', 'MLP__alpha': 0.001, 'MLP__hidden_layer_sizes': (46,), 'MLP__learning_rate_init': 0.001}",0.6438051303283102,0.6560987627451158,0.650994670705202,0.6370041382896077,0.6382379000801307,0.6452283523976002,0.007347600585093887,126,0.6476559382930174,0.646746848625812,0.6558524771542624,0.6493417858020905,0.6552602895223616,0.6509714678795089,0.003839641925375275
0.4199028491973877,0.06171247182637364,0.005427360534667969,0.00036299611936778896,relu,0.001,"(46,)",0.004,"{'MLP__activation': 'relu', 'MLP__alpha': 0.001, 'MLP__hidden_layer_sizes': (46,), 'MLP__learning_rate_init': 0.004}",0.6632112073633192,0.6528726198789043,0.6588057301254787,0.6551193574617684,0.6620290175183269,0.6584076357274696,0.0039445769116640645,38,0.6674425030830942,0.650662594928358,0.6636658610605201,0.6633001283308372,0.6712517882459832,0.6632645751297584,0.006931419115478157
0.41139817237854004,0.123576818937455,0.0053599834442138675,0.0003387303163864818,relu,0.001,"(46,)",0.016,"{'MLP__activation': 'relu', 'MLP__alpha': 0.001, 'MLP__hidden_layer_sizes': (46,), 'MLP__learning_rate_init': 0.016}",0.6614561533668882,0.6659268227064836,0.6561252127334778,0.6571522279958768,0.6716249144608017,0.6624566425543268,0.005749901784490026,14,0.6655583165556829,0.6556706579446145,0.6638483809980793,0.668031632149151,0.6742812979728195,0.6654780571240695,0.006047564127266123
0.8387876987457276,0.20691168926818948,0.005985832214355469,0.0006409331521071027,relu,0.001,"(23, 23)",0.001,"{'MLP__activation': 'relu', 'MLP__alpha': 0.001, 'MLP__hidden_layer_sizes': (23, 23), 'MLP__learning_rate_init': 0.001}",0.6441477549462101,0.6579714219211458,0.660362500869071,0.6370842439686468,0.6443703735081383,0.648787249766869,0.008903144714669454,110,0.6386768874589095,0.6489461028592044,0.6640315937902027,0.6535417599428686,0.6504572298915762,0.6511307147885523,0.008155608427287797
0.4357003211975098,0.11480873114149623,0.005904245376586914,0.0002805024484085129,relu,0.001,"(23, 23)",0.004,"{'MLP__activation': 'relu', 'MLP__alpha': 0.001, 'MLP__hidden_layer_sizes': (23, 23), 'MLP__learning_rate_init': 0.004}",0.6573525908263739,0.6692973069377564,0.6171394413157886,0.6509568850075419,0.6585903039270119,0.6506672540315153,0.017769308730090954,98,0.6689926562582873,0.6585679395313069,0.6235957983472616,0.6626919752371888,0.6645775170864944,0.6556851772921078,0.01639082963178509
0.2932420253753662,0.0629347652129803,0.005360031127929687,0.00033048573812755625,relu,0.001,"(23, 23)",0.016,"{'MLP__activation': 'relu', 'MLP__alpha': 0.001, 'MLP__hidden_layer_sizes': (23, 23), 'MLP__learning_rate_init': 0.016}",0.6607930658116289,0.6672750163989927,0.6696713853445905,0.6303432755061017,0.6698798391737001,0.659592137831446,0.014989136592171737,30,0.6688859495192717,0.6616686290459971,0.6764852215459943,0.6422459315304428,0.6712424369112359,0.6641056337105884,0.011923297742402894
0.590366792678833,0.08125914832833878,0.004110813140869141,0.0005282597797304361,relu,0.001,"(11, 11)",0.001,"{'MLP__activation': 'relu', 'MLP__alpha': 0.001, 'MLP__hidden_layer_sizes': (11, 11), 'MLP__learning_rate_init': 0.001}",0.6456994503399552,0.6645997890046643,0.6454197688724446,0.6442907322263635,0.6359516018333755,0.647192674615715,0.009414219786664655,117,0.6432894027861923,0.6525260823919656,0.6499555210989882,0.6522014485352905,0.6423357609650225,0.6480616431554919,0.004386706850135864
0.46137042045593263,0.13291597690677043,0.0036366939544677734,8.247623386944966e-05,relu,0.001,"(11, 11)",0.004,"{'MLP__activation': 'relu', 'MLP__alpha': 0.001, 'MLP__hidden_layer_sizes': (11, 11), 'MLP__learning_rate_init': 0.004}",0.6691394569078715,0.6577840048607522,0.642975034233842,0.6460349200303495,0.6482412586125428,0.6528358056873338,0.009538777902608897,85,0.6689304132851529,0.6550820071322765,0.6498545060528798,0.657595439417104,0.6566593609757528,0.6576243453726331,0.006254487810623056
0.2952869892120361,0.04465692732330159,0.0036666393280029297,0.0001550663148010742,relu,0.001,"(11, 11)",0.016,"{'MLP__activation': 'relu', 'MLP__alpha': 0.001, 'MLP__hidden_layer_sizes': (11, 11), 'MLP__learning_rate_init': 0.016}",0.6542381191986136,0.6720095643157916,0.6510483263958793,0.632478167423892,0.6472555091782235,0.6514062282445642,0.012713325246044904,95,0.6608811724714755,0.6684858376826622,0.6538252870531889,0.6370929674301195,0.653696719589554,0.6547963968454,0.010392199403533009
0.8967784881591797,0.15105951675876744,0.008438348770141602,0.0003489166099935735,relu,0.001,"(46, 46)",0.001,"{'MLP__activation': 'relu', 'MLP__alpha': 0.001, 'MLP__hidden_layer_sizes': (46, 46), 'MLP__learning_rate_init': 0.001}",0.6579571262142966,0.6742729276056261,0.652883199874249,0.6555312215662625,0.6448354495617518,0.6570965317009643,0.009656857977616982,50,0.6578375973824976,0.6661319272878738,0.6637327372726515,0.6649985117011562,0.6532259097967102,0.6611853366881779,0.004900166259991472
0.8782785892486572,0.17149815150393247,0.00844416618347168,0.0002539501748954128,relu,0.001,"(46, 46)",0.004,"{'MLP__activation': 'relu', 'MLP__alpha': 0.001, 'MLP__hidden_layer_sizes': (46, 46), 'MLP__learning_rate_init': 0.004}",0.6527085854854089,0.6679491132452473,0.6451310861423221,0.644552964968124,0.6606276118766985,0.6541935423841272,0.009031929560821904,75,0.6607789695883275,0.6693183024414414,0.6616567796582812,0.657556426981136,0.6713521025641802,0.6641325162466731,0.005284605982036897
0.6773944854736328,0.21075811579399328,0.007912349700927735,0.00012856500755905673,relu,0.001,"(46, 46)",0.016,"{'MLP__activation': 'relu', 'MLP__alpha': 0.001, 'MLP__hidden_layer_sizes': (46, 46), 'MLP__learning_rate_init': 0.016}",0.6586787659368928,0.6664618681853495,0.6414235534879221,0.648388968994568,0.6412444421583562,0.6512402461827752,0.009913963881751225,97,0.6642536392730185,0.6579758008261062,0.6458565541309713,0.6584049218750578,0.6470170958142166,0.6547016023838741,0.0071128458332760085
0.6313050270080567,0.18912092505205125,0.007758474349975586,0.00012909784638547015,relu,0.001,"(23, 23, 23)",0.001,"{'MLP__activation': 'relu', 'MLP__alpha': 0.001, 'MLP__hidden_layer_sizes': (23, 23, 23), 'MLP__learning_rate_init': 0.001}",0.665164079542301,0.6697250410352675,0.6561463727241674,0.6573555150492877,0.6450124532969845,0.6586815319806951,0.008473268668620571,33,0.6654195474021698,0.6647010566394277,0.6679654566649309,0.666102669929235,0.6523806058103212,0.6633138672892169,0.005573313080790548
0.4431957244873047,0.0880027398283154,0.00768585205078125,0.00014936275308258956,relu,0.001,"(23, 23, 23)",0.004,"{'MLP__activation': 'relu', 'MLP__alpha': 0.001, 'MLP__hidden_layer_sizes': (23, 23, 23), 'MLP__learning_rate_init': 0.004}",0.6635372107208137,0.6848015344016105,0.6434722940150478,0.6531665926066992,0.6665625319905254,0.6623079066918864,0.013884644641487531,15,0.6624414750701185,0.6771233327261932,0.6512881717396244,0.6608814360343046,0.672609384798042,0.6648687600736565,0.009124852513895346
0.5131906509399414,0.1462921433127892,0.007568645477294922,0.00014063571324224384,relu,0.001,"(23, 23, 23)",0.016,"{'MLP__activation': 'relu', 'MLP__alpha': 0.001, 'MLP__hidden_layer_sizes': (23, 23, 23), 'MLP__learning_rate_init': 0.016}",0.6483209504943316,0.6686232100915018,0.6697091710422505,0.6677397804802109,0.6795333505798511,0.666783992020959,0.010161890835600993,4,0.6554943876286702,0.6599681592386385,0.666322107992375,0.684354333004579,0.6853105675876063,0.6702899110903738,0.01236622515246866
0.5937045574188232,0.07391525329577556,0.004835796356201172,0.0006598296509769645,relu,0.001,"(11, 11, 11)",0.001,"{'MLP__activation': 'relu', 'MLP__alpha': 0.001, 'MLP__hidden_layer_sizes': (11, 11, 11), 'MLP__learning_rate_init': 0.001}",0.6482038461596578,0.6613683561407804,0.6456547959118898,0.6463394727534891,0.6494636433823548,0.6502059703780835,0.005741465316016174,100,0.6447929741234268,0.6526145551957944,0.6583505957785536,0.6530603992344524,0.6560186843446566,0.6529674417353767,0.004587886652011511
0.6500328540802002,0.22129039924302293,0.0044525146484375,4.791641675707488e-05,relu,0.001,"(11, 11, 11)",0.004,"{'MLP__activation': 'relu', 'MLP__alpha': 0.001, 'MLP__hidden_layer_sizes': (11, 11, 11), 'MLP__learning_rate_init': 0.004}",0.6633979447055997,0.6642574505838645,0.6586130230674127,0.6236552070202803,0.6558512845882192,0.6531552964372468,0.015069840213667333,83,0.6636411936137717,0.6609434386444452,0.6661465559671934,0.6334294123155623,0.6667737425981195,0.6581868686278184,0.012548872534890716
0.5297773361206055,0.10436890222758308,0.0044586181640625,6.092635530509803e-05,relu,0.001,"(11, 11, 11)",0.016,"{'MLP__activation': 'relu', 'MLP__alpha': 0.001, 'MLP__hidden_layer_sizes': (11, 11, 11), 'MLP__learning_rate_init': 0.016}",0.6560517253623812,0.6763005081420621,0.6594904069670782,0.6416427105343502,0.6508279841392549,0.6568628846849096,0.01143196688059487,53,0.6593236257286956,0.6658281971683317,0.6639347594915209,0.65553829122948,0.65453534854912,0.6598320444334297,0.004461746561936853
1.4030460357666015,0.5595682735250072,0.010511827468872071,0.000785039815262801,relu,0.001,"(46, 46, 46)",0.001,"{'MLP__activation': 'relu', 'MLP__alpha': 0.001, 'MLP__hidden_layer_sizes': (46, 46, 46), 'MLP__learning_rate_init': 0.001}",0.661584338541832,0.6783227986808258,0.6462812827790927,0.6616676188662477,0.6550692659488686,0.6605853324247313,0.010505367779796373,25,0.659407041548732,0.6676213205269454,0.6591273251116586,0.6706662824893086,0.6671348631235372,0.6647913665600363,0.004670922267181942
1.0783015727996825,0.14575371556818525,0.010620832443237305,0.0009534539564177215,relu,0.001,"(46, 46, 46)",0.004,"{'MLP__activation': 'relu', 'MLP__alpha': 0.001, 'MLP__hidden_layer_sizes': (46, 46, 46), 'MLP__learning_rate_init': 0.004}",0.6608571583991008,0.6381067249473267,0.667445807752416,0.6611862290780592,0.6410407113633876,0.6537281519933512,0.011828752349804508,80,0.6667356181803591,0.6385405610682722,0.6779913299014252,0.6719097595982049,0.6548924624841453,0.6620139462464814,0.013980081823096534
1.1699465274810792,0.38818092624283895,0.009511661529541016,0.0008872317376504282,relu,0.001,"(46, 46, 46)",0.016,"{'MLP__activation': 'relu', 'MLP__alpha': 0.001, 'MLP__hidden_layer_sizes': (46, 46, 46), 'MLP__learning_rate_init': 0.016}",0.6620662291749458,0.6761130910816685,0.6656426742600804,0.6648506860371267,0.6631999653052506,0.666374481932809,0.005026696123558914,6,0.6679665251385077,0.6704350029118,0.6726349578731039,0.6820561580354652,0.6726240966201317,0.6731433481158017,0.0047770470648917564
0.7553805828094482,0.08008308698879532,0.0056591987609863285,0.0005424940869930454,logistic,0.1,"(23,)",0.001,"{'MLP__activation': 'logistic', 'MLP__alpha': 0.1, 'MLP__hidden_layer_sizes': (23,), 'MLP__learning_rate_init': 0.001}",0.6316756396289128,0.6234473856831503,0.6079106625193085,0.6325582731029312,0.6200380331102885,0.6231264837091899,0.008980230256026643,145,0.6273632645106363,0.6173184808829851,0.6179538048982329,0.6360891313935851,0.6239835303788657,0.624541642412861,0.00688754248873877
0.45785975456237793,0.0755171924831162,0.005045366287231445,3.937398920888772e-05,logistic,0.1,"(23,)",0.004,"{'MLP__activation': 'logistic', 'MLP__alpha': 0.1, 'MLP__hidden_layer_sizes': (23,), 'MLP__learning_rate_init': 0.004}",0.6452175597068412,0.6579767119188182,0.6451416661376669,0.6444086236030627,0.6474592399731922,0.6480406668645717,0.0050720906146571295,113,0.6437832442829692,0.6457395246964152,0.6526535597584149,0.6521464138375276,0.6466733634188129,0.6481992211988279,0.0035581080000651843
0.33329973220825193,0.1022026598113664,0.005083274841308594,5.0513329733556156e-05,logistic,0.1,"(23,)",0.016,"{'MLP__activation': 'logistic', 'MLP__alpha': 0.1, 'MLP__hidden_layer_sizes': (23,), 'MLP__learning_rate_init': 0.016}",0.6406487277936184,0.6703031622094658,0.6657870156251416,0.6623311357171574,0.6318831634147902,0.6541910061838838,0.0151082652912421,76,0.6415624024033332,0.6602398448345904,0.6755357194793117,0.6667944222247211,0.6335134142220641,0.6555291606328041,0.015678791322831967
0.1322535514831543,0.0009514258175598708,0.004273509979248047,0.0005864293268223205,logistic,0.1,"(11,)",0.001,"{'MLP__activation': 'logistic', 'MLP__alpha': 0.1, 'MLP__hidden_layer_sizes': (11,), 'MLP__learning_rate_init': 0.001}",0.659681330144066,0.6492232771989008,0.6445204692681363,0.6465639197975895,0.6488257239377128,0.6497633963862064,0.005239878113274607,103,0.6501899083896819,0.646286391654529,0.6499402074384519,0.6523310359588211,0.6524555266892132,0.6502406140261395,0.0022362643719077992
0.33568243980407714,0.06720457686038464,0.003968954086303711,0.0002948422230512172,logistic,0.1,"(11,)",0.004,"{'MLP__activation': 'logistic', 'MLP__alpha': 0.1, 'MLP__hidden_layer_sizes': (11,), 'MLP__learning_rate_init': 0.004}",0.6461006271251919,0.6467362225789193,0.6252928391568651,0.6268337399074401,0.6222543619317915,0.6334445517344246,0.010697902966390213,142,0.644884523655196,0.6379477373818547,0.6382925663744042,0.632245134905161,0.6221471029816842,0.63510341305966,0.007615336224251994
0.30196237564086914,0.07283267323985557,0.004130887985229492,0.00028506525760361155,logistic,0.1,"(11,)",0.016,"{'MLP__activation': 'logistic', 'MLP__alpha': 0.1, 'MLP__hidden_layer_sizes': (11,), 'MLP__learning_rate_init': 0.016}",0.6673203103239687,0.649159797226832,0.6528083841928825,0.6398985227303643,0.6295906876872469,0.6477571124998688,0.012664825162715955,115,0.6667966170814182,0.6407105658163729,0.6570402267108315,0.6525205001887162,0.632328360816182,0.6498792541227042,0.012137146120745072
0.6747662544250488,0.033059157262005784,0.006103610992431641,0.0005199459485874027,logistic,0.1,"(46,)",0.001,"{'MLP__activation': 'logistic', 'MLP__alpha': 0.1, 'MLP__hidden_layer_sizes': (46,), 'MLP__learning_rate_init': 0.001}",0.6286418818490297,0.6164441844788445,0.604208419862581,0.6202424028076284,0.6120719825275629,0.616322464717601,0.008148537351597733,149,0.6172343367546261,0.6110516113506017,0.6139133605208414,0.6249535255991102,0.611961822813806,0.615822931407797,0.0050334864850239604
0.4846651554107666,0.12522231124863928,0.006420564651489258,0.00034600966123435274,logistic,0.1,"(46,)",0.004,"{'MLP__activation': 'logistic', 'MLP__alpha': 0.1, 'MLP__hidden_layer_sizes': (46,), 'MLP__learning_rate_init': 0.004}",0.6321464494217566,0.6189319948127794,0.6230672615646906,0.638817851777288,0.6618952561486104,0.6349705232114113,0.01514259711371281,141,0.6232587400315182,0.6114424206914968,0.6334830455575022,0.6424159092257221,0.6600660412040591,0.6341332313420598,0.01658109508482662
0.42351269721984863,0.15952803204991095,0.006389522552490234,0.0002850953741339604,logistic,0.1,"(46,)",0.016,"{'MLP__activation': 'logistic', 'MLP__alpha': 0.1, 'MLP__hidden_layer_sizes': (46,), 'MLP__learning_rate_init': 0.016}",0.6427131638871387,0.6395886800095523,0.6484426246852452,0.6441252308706127,0.6353527644100454,0.6420447994558304,0.004393488193746032,129,0.6389063321441895,0.6315798528033628,0.6528785721514571,0.6544550367385346,0.6394467023037532,0.6434532992282594,0.008804322307886345
0.22971339225769044,0.0021550556447033895,0.006953763961791992,0.0007807155989556036,logistic,0.1,"(23, 23)",0.001,"{'MLP__activation': 'logistic', 'MLP__alpha': 0.1, 'MLP__hidden_layer_sizes': (23, 23), 'MLP__learning_rate_init': 0.001}",0.5,0.5,0.5,0.5,0.5,0.5,0.0,151,0.5000000000000001,0.5,0.5,0.5,0.5,0.5,4.965068306494546e-17
0.5197978973388672,0.10486632087925635,0.006589221954345703,5.9122500642910165e-05,logistic,0.1,"(23, 23)",0.004,"{'MLP__activation': 'logistic', 'MLP__alpha': 0.1, 'MLP__hidden_layer_sizes': (23, 23), 'MLP__learning_rate_init': 0.004}",0.6596955589503222,0.6454522645724322,0.6518078189188454,0.6473831137228585,0.6580490809673581,0.6524776360296126,0.005637418798561071,87,0.6560973216482526,0.640038315802197,0.6564292864522321,0.6601444041183842,0.6547426758268187,0.653490400769577,0.0069603969553169295
0.47569842338562013,0.1283091969104409,0.006536149978637695,3.595668363960014e-05,logistic,0.1,"(23, 23)",0.016,"{'MLP__activation': 'logistic', 'MLP__alpha': 0.1, 'MLP__hidden_layer_sizes': (23, 23), 'MLP__learning_rate_init': 0.016}",0.6596314663628503,0.6583832860256399,0.6520216859676011,0.6391601901980877,0.6546103673760432,0.6527616083985022,0.00731807761688175,86,0.6594954651525649,0.6499764169627741,0.6589155556888076,0.65055949344521,0.6531536888402242,0.6544201240179162,0.0040551905605245965
0.18573827743530275,0.0008950838237240489,0.0045989036560058595,0.00044974080058402454,logistic,0.1,"(11, 11)",0.001,"{'MLP__activation': 'logistic', 'MLP__alpha': 0.1, 'MLP__hidden_layer_sizes': (11, 11), 'MLP__learning_rate_init': 0.001}",0.5,0.5,0.5,0.5,0.5,0.5,0.0,151,0.5000000000000001,0.5,0.5,0.5,0.5,0.5,4.965068306494546e-17
0.49735198020935056,0.04446492843954679,0.004291915893554687,0.00016106480708585265,logistic,0.1,"(11, 11)",0.004,"{'MLP__activation': 'logistic', 'MLP__alpha': 0.1, 'MLP__hidden_layer_sizes': (11, 11), 'MLP__learning_rate_init': 0.004}",0.6581494039767123,0.6504331752379743,0.6492557728988885,0.6325582731029312,0.6612902412444924,0.6503372424239804,0.009982547791318595,99,0.6536034453174575,0.6435932108503984,0.6570876006416527,0.6462696529181278,0.6603990841107537,0.6521905987676779,0.0063612683186282
0.28287444114685056,0.07272993766598482,0.004262781143188477,8.13545680880609e-05,logistic,0.1,"(11, 11)",0.016,"{'MLP__activation': 'logistic', 'MLP__alpha': 0.1, 'MLP__hidden_layer_sizes': (11, 11), 'MLP__learning_rate_init': 0.016}",0.6638102023311067,0.6773275234044611,0.6615875131872084,0.6311511337220724,0.6658813701803672,0.6599514622663828,0.015389038609148984,29,0.6599746533700245,0.6687644911909918,0.6676749616422328,0.6482752464275041,0.6640625796988757,0.6617503864659258,0.007407794823607906
1.1634395599365235,0.12041172491951295,0.010348033905029298,0.0002942445924561307,logistic,0.1,"(46, 46)",0.001,"{'MLP__activation': 'logistic', 'MLP__alpha': 0.1, 'MLP__hidden_layer_sizes': (46, 46), 'MLP__learning_rate_init': 0.001}",0.6454850108969991,0.6525945171441266,0.6268979755934622,0.6385661990308724,0.6507703696755789,0.6428625942449253,0.009353467487829066,128,0.6374363350052403,0.6429996864360696,0.6367606806798497,0.6541345915026331,0.6482770622274968,0.6439216711702579,0.006594885879285508
0.788139820098877,0.16258677720781328,0.01054525375366211,0.0001263541093292662,logistic,0.1,"(46, 46)",0.004,"{'MLP__activation': 'logistic', 'MLP__alpha': 0.1, 'MLP__hidden_layer_sizes': (46, 46), 'MLP__learning_rate_init': 0.004}",0.6491873966522768,0.6677458261918364,0.6634654623609109,0.6477896878296802,0.6593352576816343,0.6575043033157248,0.007840089343375307,47,0.6470434926337706,0.6566877369513401,0.66697902859932,0.6629204676497463,0.6569161605925812,0.6581093772853517,0.006748569261155195
0.6487960338592529,0.2542989537005847,0.01163187026977539,0.0015940617174146775,logistic,0.1,"(46, 46)",0.016,"{'MLP__activation': 'logistic', 'MLP__alpha': 0.1, 'MLP__hidden_layer_sizes': (46, 46), 'MLP__learning_rate_init': 0.016}",0.6652867242971097,0.6676815905058144,0.6655572785833689,0.6548087590270031,0.6656961718277626,0.663806087787898,0.004578264517756852,9,0.664713166427364,0.6568124350261855,0.6680936347592915,0.6673363998341495,0.6665410218811159,0.6646993315856212,0.004100501795360876
0.3045327186584473,0.0014892505603803271,0.009641408920288086,0.00017697334315246592,logistic,0.1,"(23, 23, 23)",0.001,"{'MLP__activation': 'logistic', 'MLP__alpha': 0.1, 'MLP__hidden_layer_sizes': (23, 23, 23), 'MLP__learning_rate_init': 0.001}",0.5,0.5,0.5,0.5,0.5,0.5,0.0,151,0.5000000000000001,0.5,0.5,0.5,0.5,0.5,4.965068306494546e-17
0.8249178409576416,0.09511642313197359,0.009662723541259766,0.00015859998134958747,logistic,0.1,"(23, 23, 23)",0.004,"{'MLP__activation': 'logistic', 'MLP__alpha': 0.1, 'MLP__hidden_layer_sizes': (23, 23, 23), 'MLP__learning_rate_init': 0.004}",0.6534998582156121,0.6598705310855376,0.664224954883877,0.6537817437646042,0.6735737205428719,0.6609893252875703,0.007457989601182025,21,0.6545237436982239,0.653234549803811,0.6712312502729099,0.6666000607727932,0.6742692624586543,0.6639717734012784,0.008604643115151299
0.47382750511169436,0.10632114961110516,0.009843873977661132,0.0001391131364499659,logistic,0.1,"(23, 23, 23)",0.016,"{'MLP__activation': 'logistic', 'MLP__alpha': 0.1, 'MLP__hidden_layer_sizes': (23, 23, 23), 'MLP__learning_rate_init': 0.016}",0.6722373072752265,0.6428896385571304,0.6527441485068604,0.6550657017710911,0.6644038176326985,0.6574684491440032,0.010068642976579154,48,0.670444000189981,0.63768510613532,0.6565804547207653,0.6687233844446371,0.6652369278730608,0.6597339746727529,0.012015772304932231
0.23153119087219237,0.0027200596653849485,0.005704307556152343,0.0005553382091949622,logistic,0.1,"(11, 11, 11)",0.001,"{'MLP__activation': 'logistic', 'MLP__alpha': 0.1, 'MLP__hidden_layer_sizes': (11, 11, 11), 'MLP__learning_rate_init': 0.001}",0.5,0.5,0.5,0.5,0.5,0.5,0.0,151,0.5000000000000001,0.5,0.5,0.5,0.5,0.5,4.965068306494546e-17
0.6852751731872558,0.1571304023881525,0.005409622192382812,7.043622481264e-05,logistic,0.1,"(11, 11, 11)",0.004,"{'MLP__activation': 'logistic', 'MLP__alpha': 0.1, 'MLP__hidden_layer_sizes': (11, 11, 11), 'MLP__learning_rate_init': 0.004}",0.6561909913775953,0.6728604982270949,0.6494484799569545,0.6484479146829174,0.6494780154805145,0.6552854596523444,0.009211339469235377,67,0.6587780607543071,0.6588807240002664,0.6563233978041328,0.6581011917555156,0.6473381110782399,0.6558842970784924,0.004370289901509519
0.34076175689697263,0.03468100954915392,0.005406093597412109,9.36847778636619e-05,logistic,0.1,"(11, 11, 11)",0.016,"{'MLP__activation': 'logistic', 'MLP__alpha': 0.1, 'MLP__hidden_layer_sizes': (11, 11, 11), 'MLP__learning_rate_init': 0.016}",0.6590910235623996,0.6670823093409267,0.6570078866308156,0.6429961942245316,0.6635765394912478,0.6579506037534872,0.00825659147704422,43,0.6606993174800128,0.6576233110666149,0.6635780889846029,0.6553411504859484,0.6614089180625345,0.6597301572159427,0.0029074479966678373
1.2188539981842041,0.8206265563764945,0.013920354843139648,0.0007869981611405576,logistic,0.1,"(46, 46, 46)",0.001,"{'MLP__activation': 'logistic', 'MLP__alpha': 0.1, 'MLP__hidden_layer_sizes': (46, 46, 46), 'MLP__learning_rate_init': 0.001}",0.5,0.5,0.6525567314464666,0.5,0.6541452913224297,0.5613339818333075,0.07512668014530202,150,0.5000000000000001,0.5,0.6591614639456357,0.5,0.6518322145736491,0.562198735703857,0.07621283274077306
1.166204309463501,0.28088859128344223,0.01408233642578125,0.0009621376203139073,logistic,0.1,"(46, 46, 46)",0.004,"{'MLP__activation': 'logistic', 'MLP__alpha': 0.1, 'MLP__hidden_layer_sizes': (46, 46, 46), 'MLP__learning_rate_init': 0.004}",0.6421671806665529,0.6653169615462512,0.6586288930604299,0.6560821370381453,0.6538077991577446,0.6552001092680544,0.007572528900422021,68,0.638043268952761,0.6520224164905938,0.6659048284577919,0.6662928506337359,0.6523177361885824,0.654916220144693,0.010488087855532947
1.1011497974395752,0.07126345968071894,0.013971614837646484,0.0008511810325258547,logistic,0.1,"(46, 46, 46)",0.016,"{'MLP__activation': 'logistic', 'MLP__alpha': 0.1, 'MLP__hidden_layer_sizes': (46, 46, 46), 'MLP__learning_rate_init': 0.016}",0.6296420536020538,0.662427867103167,0.6569436509447936,0.6534446953414769,0.6581951972986506,0.6521295031437077,0.01160635832866428,89,0.6225037615070368,0.6538566387222149,0.6604502285483133,0.6641785813113095,0.6581587231328597,0.6518295866443469,0.015039840856350798
0.6272035121917725,0.14346796683249996,0.005421257019042969,0.0004919290398162454,logistic,0.01,"(23,)",0.001,"{'MLP__activation': 'logistic', 'MLP__alpha': 0.01, 'MLP__hidden_layer_sizes': (23,), 'MLP__learning_rate_init': 0.001}",0.6136986132328403,0.6200179557635279,0.6079801882030028,0.6372716610290405,0.6151155894905166,0.6188167425031081,0.009993540158789895,148,0.6062730302937535,0.6140338778482601,0.6179377826364378,0.6410219567028569,0.6177894360899557,0.6194112167142528,0.011604766080620256
0.49898080825805663,0.07827901490800084,0.005207061767578125,0.00015221371071550893,logistic,0.01,"(23,)",0.004,"{'MLP__activation': 'logistic', 'MLP__alpha': 0.01, 'MLP__hidden_layer_sizes': (23,), 'MLP__learning_rate_init': 0.004}",0.6621192409221476,0.6426326958130424,0.6530917769253324,0.6516846375444737,0.6620866319820029,0.6543229979961056,0.007296513392908988,73,0.6618473125460542,0.6339086865869387,0.6614610324972254,0.6613244929080115,0.663908754965181,0.6564900559006823,0.011329059309217796
0.30007147789001465,0.08018613484474123,0.005220842361450195,0.00010274578335564797,logistic,0.01,"(23,)",0.016,"{'MLP__activation': 'logistic', 'MLP__alpha': 0.01, 'MLP__hidden_layer_sizes': (23,), 'MLP__learning_rate_init': 0.016}",0.655185279204436,0.6583779960279674,0.6663114811086627,0.6512674834423073,0.6554067581135536,0.6573097903510976,0.005036193756975872,49,0.653311623803187,0.644820673570847,0.6745681008404467,0.6575606077285627,0.6586803512902889,0.6577882714466664,0.00970164192797422
0.1316347599029541,0.001320456037902178,0.003957557678222656,0.00018758390778595687,logistic,0.01,"(11,)",0.001,"{'MLP__activation': 'logistic', 'MLP__alpha': 0.01, 'MLP__hidden_layer_sizes': (11,), 'MLP__learning_rate_init': 0.001}",0.659884688746752,0.6495603256220281,0.64438670789842,0.6470347295904333,0.6486919625679963,0.6499121492487168,0.005289511023504164,101,0.6504441557777291,0.6469098741554083,0.6501262073955264,0.6522321152230998,0.6526922697395972,0.6504809244582722,0.0020413864623883135
0.32807397842407227,0.06668715649903738,0.004048442840576172,0.00015311348812849793,logistic,0.01,"(11,)",0.004,"{'MLP__activation': 'logistic', 'MLP__alpha': 0.01, 'MLP__hidden_layer_sizes': (11,), 'MLP__learning_rate_init': 0.004}",0.6475241373439932,0.6504384652356466,0.6378278664985959,0.635661234594771,0.6117406678436659,0.6366399652812303,0.013646269506471626,135,0.6480875368166595,0.6392978038667615,0.6520530674317083,0.6418648772668764,0.6134799191263827,0.6389566409016776,0.013509457660521555
0.3032857418060303,0.04348349623703305,0.003978252410888672,0.0002031978762076333,logistic,0.01,"(11,)",0.016,"{'MLP__activation': 'logistic', 'MLP__alpha': 0.01, 'MLP__hidden_layer_sizes': (11,), 'MLP__learning_rate_init': 0.016}",0.6634731181333419,0.6635621937469205,0.6646851846813759,0.6433921883360085,0.6623726871637999,0.6594971202635798,0.008085650030063018,31,0.6658034223761388,0.6564355536366983,0.6704001712232588,0.6545233065331414,0.6656007325778968,0.6625526372694267,0.006055264523016907
0.7186277866363525,0.12587046080847222,0.006213045120239258,0.0007078935749643433,logistic,0.01,"(46,)",0.001,"{'MLP__activation': 'logistic', 'MLP__alpha': 0.01, 'MLP__hidden_layer_sizes': (46,), 'MLP__learning_rate_init': 0.001}",0.6310766446611253,0.622634237469507,0.6093230918978396,0.6273098396979562,0.6052007328257208,0.6191099874734229,0.010120266957601518,147,0.6245377406114133,0.6134786651419878,0.6200959379968229,0.6320124617451769,0.6051123400717099,0.6190474291134221,0.009214475580693719
0.6006338596343994,0.1993628042367125,0.006309366226196289,0.0003024670821838343,logistic,0.01,"(46,)",0.004,"{'MLP__activation': 'logistic', 'MLP__alpha': 0.01, 'MLP__hidden_layer_sizes': (46,), 'MLP__learning_rate_init': 0.004}",0.6508031846334937,0.6228481045182626,0.6516740575491289,0.6452912975004005,0.6621051644243672,0.6465438908093059,0.01303553635287758,121,0.6450274265925037,0.6179969980816274,0.6610207627884693,0.6524863692280864,0.6621432261135111,0.6477349565608396,0.01611436436224415
0.39075026512145994,0.1290695625861426,0.0063511371612548825,0.0002902273427464811,logistic,0.01,"(46,)",0.016,"{'MLP__activation': 'logistic', 'MLP__alpha': 0.01, 'MLP__hidden_layer_sizes': (46,), 'MLP__learning_rate_init': 0.016}",0.6586843063570277,0.6401343054837628,0.6366406398781184,0.6458852886676157,0.650216791754349,0.6463126192412831,0.007748951850306475,122,0.6511416314011603,0.6314760584656506,0.6488611100748911,0.6556420934405395,0.6533824029668354,0.6481006592698154,0.008613630995820161
0.23121180534362792,0.0029183237042942766,0.006995534896850586,0.0006346569948365478,logistic,0.01,"(23, 23)",0.001,"{'MLP__activation': 'logistic', 'MLP__alpha': 0.01, 'MLP__hidden_layer_sizes': (23, 23), 'MLP__learning_rate_init': 0.001}",0.5,0.5,0.5,0.5,0.5,0.5,0.0,151,0.5000000000000001,0.5,0.5,0.5,0.5,0.5,4.965068306494546e-17
0.6410372257232666,0.113111134453046,0.006550312042236328,6.941150648971617e-05,logistic,0.01,"(23, 23)",0.004,"{'MLP__activation': 'logistic', 'MLP__alpha': 0.01, 'MLP__hidden_layer_sizes': (23, 23), 'MLP__learning_rate_init': 0.004}",0.6623336803651036,0.6649103874394294,0.6534877710368093,0.6525083657534619,0.6579029646360657,0.6582288184593293,0.0048333018550702845,41,0.6627639810709554,0.6535501214377217,0.659183753391897,0.6672555877972628,0.6588903470044181,0.660328758140451,0.004544034723322536
0.37947745323181153,0.10396747850386356,0.006624937057495117,9.418662522684929e-05,logistic,0.01,"(23, 23)",0.016,"{'MLP__activation': 'logistic', 'MLP__alpha': 0.01, 'MLP__hidden_layer_sizes': (23, 23), 'MLP__learning_rate_init': 0.016}",0.654837114166401,0.6634873780655536,0.6174281240459111,0.6420439946434995,0.6551392353741208,0.6465871566707135,0.016110281060813032,120,0.6544046356078248,0.6502905950142092,0.6318376104479067,0.6505483447854058,0.6578417223307229,0.6489845816372138,0.009011055136890628
0.18709726333618165,0.002737182862947995,0.004435014724731445,0.0005623520029324344,logistic,0.01,"(11, 11)",0.001,"{'MLP__activation': 'logistic', 'MLP__alpha': 0.01, 'MLP__hidden_layer_sizes': (11, 11), 'MLP__learning_rate_init': 0.001}",0.5,0.5,0.5,0.5,0.5,0.5,0.0,151,0.5000000000000001,0.5,0.5,0.5,0.5,0.5,4.965068306494546e-17
0.5460797309875488,0.13148708838684442,0.004788446426391602,0.0004892605408622901,logistic,0.01,"(11, 11)",0.004,"{'MLP__activation': 'logistic', 'MLP__alpha': 0.01, 'MLP__hidden_layer_sizes': (11, 11), 'MLP__learning_rate_init': 0.004}",0.6652867242971097,0.6706507906279378,0.6580084519048526,0.6433226626523142,0.6597550742331476,0.6594049712284917,0.009184597349470629,32,0.6647479846977246,0.6627191461587884,0.6658079941591101,0.6519959384235583,0.6607241059651692,0.6611990338808701,0.004920789176663207
0.38507490158081054,0.11472402759041343,0.004589462280273437,7.733831262162378e-05,logistic,0.01,"(11, 11)",0.016,"{'MLP__activation': 'logistic', 'MLP__alpha': 0.01, 'MLP__hidden_layer_sizes': (11, 11), 'MLP__learning_rate_init': 0.016}",0.6702844350962447,0.6598599510901929,0.6538890551459585,0.645682001614205,0.6619590480930747,0.6583352450990603,0.008223624560241475,39,0.670524156226225,0.6567964048910431,0.6597013472446772,0.6586132112783937,0.6618917633695435,0.6615053766019765,0.004801692147570772
1.2799366474151612,0.18762823122651323,0.010098028182983398,0.0003173967748674818,logistic,0.01,"(46, 46)",0.001,"{'MLP__activation': 'logistic', 'MLP__alpha': 0.01, 'MLP__hidden_layer_sizes': (46, 46), 'MLP__learning_rate_init': 0.001}",0.6477638864334755,0.6597367697158213,0.6400375740977531,0.6448310677029017,0.6561578893489641,0.6497050877096617,0.007256039636915133,104,0.6445294513119323,0.6529405747615978,0.6490108926342961,0.6592227658278649,0.6533396056545286,0.651808658038044,0.004886888011985582
0.7472635746002197,0.16686404054339915,0.010750627517700196,0.00022983084076376098,logistic,0.01,"(46, 46)",0.004,"{'MLP__activation': 'logistic', 'MLP__alpha': 0.01, 'MLP__hidden_layer_sizes': (46, 46), 'MLP__learning_rate_init': 0.004}",0.6560572657825164,0.6745404503450589,0.6474420594112081,0.6459706843443275,0.6606090794343343,0.656923718204587,0.010339729295923326,52,0.6535937998219371,0.6616031464163413,0.655561289277,0.6608159534046488,0.6601944410124733,0.6583537259864801,0.0031769207942298964
0.6876156330108643,0.05917839395576383,0.010648202896118165,0.00016114926051049683,logistic,0.01,"(46, 46)",0.016,"{'MLP__activation': 'logistic', 'MLP__alpha': 0.01, 'MLP__hidden_layer_sizes': (46, 46), 'MLP__learning_rate_init': 0.016}",0.6502516609927729,0.6753535985587024,0.6648242360487647,0.6586931287464519,0.6594566640897747,0.6617154741454976,0.008262505197076065,17,0.6499624479206232,0.6610883397285121,0.6721689108252242,0.6662120385968492,0.660976891120111,0.6620817256382641,0.007319769906320657
0.30579195022583006,0.0023033824601285217,0.00977916717529297,0.00020959146083085519,logistic,0.01,"(23, 23, 23)",0.001,"{'MLP__activation': 'logistic', 'MLP__alpha': 0.01, 'MLP__hidden_layer_sizes': (23, 23, 23), 'MLP__learning_rate_init': 0.001}",0.5,0.5,0.5,0.5,0.5,0.5,0.0,151,0.5000000000000001,0.5,0.5,0.5,0.5,0.5,4.965068306494546e-17
0.7551642417907715,0.19811197612473136,0.010028743743896484,0.0005083736830451438,logistic,0.01,"(23, 23, 23)",0.004,"{'MLP__activation': 'logistic', 'MLP__alpha': 0.01, 'MLP__hidden_layer_sizes': (23, 23, 23), 'MLP__learning_rate_init': 0.004}",0.6540458414361978,0.674411978973015,0.6629304168820451,0.6597843796948729,0.6692871792311582,0.6640913241877163,0.007132144475502707,7,0.6600932575324943,0.6650096603609605,0.6671357711977555,0.6691880379100413,0.6724622665771458,0.6667777987156794,0.004148734173483106
0.5920142650604248,0.1650370908222873,0.009782123565673827,0.00032723953235165153,logistic,0.01,"(23, 23, 23)",0.016,"{'MLP__activation': 'logistic', 'MLP__alpha': 0.01, 'MLP__hidden_layer_sizes': (23, 23, 23), 'MLP__learning_rate_init': 0.016}",0.6638268235915119,0.6677511161895088,0.6653698615229752,0.6636309637166616,0.6747323133682196,0.667061761282368,0.0041085330830388424,3,0.6693546182412086,0.6593662733294565,0.6720191361391665,0.6769359391866433,0.6744270937827416,0.6704206121358433,0.0060727491333794886
0.23191118240356445,0.0036590992240005736,0.005727243423461914,0.0006742848759721487,logistic,0.01,"(11, 11, 11)",0.001,"{'MLP__activation': 'logistic', 'MLP__alpha': 0.01, 'MLP__hidden_layer_sizes': (11, 11, 11), 'MLP__learning_rate_init': 0.001}",0.5,0.5,0.5,0.5,0.5,0.5,0.0,151,0.5000000000000001,0.5,0.5,0.5,0.5,0.5,4.965068306494546e-17
0.7584357261657715,0.05768143662437793,0.005365180969238281,0.0001085827837367086,logistic,0.01,"(11, 11, 11)",0.004,"{'MLP__activation': 'logistic', 'MLP__alpha': 0.01, 'MLP__hidden_layer_sizes': (11, 11, 11), 'MLP__learning_rate_init': 0.004}",0.6582134965641842,0.6669916236665426,0.6545684419898854,0.6522944987047062,0.652095628411167,0.6568329927784701,0.0055365699416948,55,0.6613227865627114,0.6539980519134193,0.6593418895728081,0.6629887374443533,0.6536753169976535,0.6582653564981891,0.0037972484948566336
0.4858664035797119,0.12504016342624494,0.00531458854675293,6.164123206370758e-05,logistic,0.01,"(11, 11, 11)",0.016,"{'MLP__activation': 'logistic', 'MLP__alpha': 0.01, 'MLP__hidden_layer_sizes': (11, 11, 11), 'MLP__learning_rate_init': 0.016}",0.6727832904958123,0.6624172871078222,0.6430445599175365,0.6556491129429617,0.6556104889085222,0.6579016634079304,0.009725797807241894,45,0.6738595528294735,0.6529022551801941,0.6537124304927121,0.6626153439477288,0.6578764985907508,0.6601932162081718,0.007657170967838308
2.399897813796997,0.1734969929313446,0.013995361328125,0.0007128828169018685,logistic,0.01,"(46, 46, 46)",0.001,"{'MLP__activation': 'logistic', 'MLP__alpha': 0.01, 'MLP__hidden_layer_sizes': (46, 46, 46), 'MLP__learning_rate_init': 0.001}",0.6543718447936925,0.6750271301309199,0.6669107622735502,0.6558040343033678,0.6613602106697447,0.6626945052523435,0.007594868377523347,12,0.655866869107114,0.6644600219845902,0.6707415201962932,0.6689065972367606,0.6642190649975068,0.664838814704453,0.0051461085934721325
1.4311922550201417,0.33879677842056977,0.014242315292358398,0.0009695558044196988,logistic,0.01,"(46, 46, 46)",0.004,"{'MLP__activation': 'logistic', 'MLP__alpha': 0.01, 'MLP__hidden_layer_sizes': (46, 46, 46), 'MLP__learning_rate_init': 0.004}",0.6543022117860855,0.6623477614241279,0.6483678090038784,0.6609935220199932,0.666753907823918,0.6585525235909323,0.006471604423112477,36,0.656468795270838,0.6520676961110278,0.654115782075887,0.6697446441987893,0.6689699681097446,0.6602733771532573,0.007550624020780408
1.0192757606506349,0.16784885715720818,0.014049386978149414,0.0008180757672818286,logistic,0.01,"(46, 46, 46)",0.016,"{'MLP__activation': 'logistic', 'MLP__alpha': 0.01, 'MLP__hidden_layer_sizes': (46, 46, 46), 'MLP__learning_rate_init': 0.016}",0.6503212940003799,0.6688801528355899,0.6659585626925181,0.6595916726368068,0.6581828423370746,0.6605865773359598,0.006477749456536712,24,0.6457576024142181,0.6556734451095656,0.6682942633956855,0.6736833806755083,0.6603589552348773,0.660753529365971,0.009745609211671202
0.662278127670288,0.13375884896568258,0.0055638313293457035,0.0006600984523076978,logistic,0.001,"(23,)",0.001,"{'MLP__activation': 'logistic', 'MLP__alpha': 0.001, 'MLP__hidden_layer_sizes': (23,), 'MLP__learning_rate_init': 0.001}",0.6324890740396564,0.6200179557635279,0.6091250948421011,0.6384165676681387,0.6157905738198868,0.6231685489975046,0.010779242815259412,144,0.624473615782418,0.6145730682927375,0.6182923667063163,0.6417471471044088,0.6177907742439178,0.6233753944259597,0.009728653404843073
0.476594352722168,0.0974105386307479,0.005483245849609375,0.0006302756572962614,logistic,0.001,"(23,)",0.004,"{'MLP__activation': 'logistic', 'MLP__alpha': 0.001, 'MLP__hidden_layer_sizes': (23,), 'MLP__learning_rate_init': 0.004}",0.6641417461087363,0.6428359828664533,0.655049831778074,0.6529633055532884,0.6626978243669089,0.6555377982980981,0.007661603915412834,64,0.6624721595566846,0.6341455404943496,0.664393838627023,0.66235201984663,0.6654937274898891,0.6577714572029153,0.011872249080803992
0.3619829654693604,0.09588806923017629,0.005169916152954102,0.00014768089439303497,logistic,0.001,"(23,)",0.016,"{'MLP__activation': 'logistic', 'MLP__alpha': 0.001, 'MLP__hidden_layer_sizes': (23,), 'MLP__learning_rate_init': 0.016}",0.6703429872635815,0.6610048577292912,0.6646262389930263,0.6601750838086773,0.6519042525777744,0.661611452355082,0.006033004749979257,18,0.6698750104407569,0.6587873697210997,0.6746830438379633,0.6665373653080886,0.655855492533227,0.6651476563682271,0.006957015691123724
0.1311336040496826,0.0012711862579923253,0.003943872451782226,0.00018585454799355586,logistic,0.001,"(11,)",0.001,"{'MLP__activation': 'logistic', 'MLP__alpha': 0.001, 'MLP__hidden_layer_sizes': (11,), 'MLP__learning_rate_init': 0.001}",0.659884688746752,0.6495603256220281,0.6448575176912636,0.6465639197975895,0.6486919625679963,0.6499121492487168,0.005250610040222213,101,0.6505618859401967,0.646842997943277,0.6501262073955264,0.6523164072795017,0.6527430959756768,0.6505181189068356,0.0020902817183733272
0.41349139213562014,0.19536372640376834,0.004106998443603516,0.00035300503126624007,logistic,0.001,"(11,)",0.004,"{'MLP__activation': 'logistic', 'MLP__alpha': 0.001, 'MLP__hidden_layer_sizes': (11,), 'MLP__learning_rate_init': 0.004}",0.6619214227395969,0.6505722266053632,0.6382986762914395,0.6355274732250545,0.6124156521730361,0.6397491529473383,0.01658759757489928,131,0.6631116598466321,0.6392135118103595,0.6516838546825102,0.6423894390320342,0.6143212243938729,0.6421439379530817,0.01620744539133296
0.31874284744262693,0.045127113930962526,0.0041015625,0.00020400860234219464,logistic,0.001,"(11,)",0.016,"{'MLP__activation': 'logistic', 'MLP__alpha': 0.001, 'MLP__hidden_layer_sizes': (11,), 'MLP__learning_rate_init': 0.016}",0.6650192731069519,0.6657824813414225,0.6459336543606207,0.6444033336053903,0.6630476714931701,0.6568373649315783,0.009581530017776277,54,0.6651973624286203,0.6581067660854177,0.6552443161872668,0.6556817987310715,0.6663243353971762,0.6601109157659104,0.004728551750288136
0.8487081050872802,0.24277157374746433,0.006216716766357422,0.0006393163039184695,logistic,0.001,"(46,)",0.001,"{'MLP__activation': 'logistic', 'MLP__alpha': 0.001, 'MLP__hidden_layer_sizes': (46,), 'MLP__learning_rate_init': 0.001}",0.6342441280360874,0.5990725878366328,0.6096601403209667,0.6276468881210835,0.6381741081356664,0.6217594067409165,0.014973533072143604,146,0.6299762489318304,0.595510529176964,0.6209548808226376,0.632316191864719,0.6414610175914666,0.6240437736775235,0.01568868924838698
0.4336489200592041,0.1274759646517136,0.006415700912475586,0.0003760728421533677,logistic,0.001,"(46,)",0.004,"{'MLP__activation': 'logistic', 'MLP__alpha': 0.001, 'MLP__hidden_layer_sizes': (46,), 'MLP__learning_rate_init': 0.004}",0.6544414778012995,0.6241267725270772,0.6226659774555414,0.6454303488677893,0.631767934487438,0.6356874469588005,0.012371566779903911,139,0.647063657624814,0.6188225028013763,0.634730010559261,0.6542537152475764,0.6310296351669632,0.6371799042799982,0.012409879770495113
0.5063276767730713,0.06291962171151602,0.006404876708984375,0.00030418892084481907,logistic,0.001,"(46,)",0.016,"{'MLP__activation': 'logistic', 'MLP__alpha': 0.001, 'MLP__hidden_layer_sizes': (46,), 'MLP__learning_rate_init': 0.016}",0.6686045545275558,0.6530441669462808,0.6413540278042278,0.64845320468059,0.6582466342815387,0.6539409492280489,0.009197296641956313,79,0.6699427651256172,0.6436593863346185,0.6523331066491662,0.6602565599509497,0.665230229231756,0.6582844094584216,0.009352650461242321
0.23392872810363768,0.004031359038261514,0.006941604614257813,0.0005895253398396935,logistic,0.001,"(23, 23)",0.001,"{'MLP__activation': 'logistic', 'MLP__alpha': 0.001, 'MLP__hidden_layer_sizes': (23, 23), 'MLP__learning_rate_init': 0.001}",0.5,0.5,0.5,0.5,0.5,0.5,0.0,151,0.5000000000000001,0.5,0.5,0.5,0.5,0.5,4.965068306494546e-17
0.631425142288208,0.11073830411126223,0.006733226776123047,0.0002174465487186641,logistic,0.001,"(23, 23)",0.004,"{'MLP__activation': 'logistic', 'MLP__alpha': 0.001, 'MLP__hidden_layer_sizes': (23, 23), 'MLP__learning_rate_init': 0.004}",0.6628044901579474,0.6638939521723752,0.6522091030279946,0.6542578435551203,0.6548655351538999,0.6576065156032593,0.004783586575825044,46,0.663169398963899,0.6520823247903473,0.6590297979584127,0.6674241719100666,0.6563731141002637,0.6596157615445979,0.005314327736342437
0.517437744140625,0.12081107566068533,0.006628227233886719,2.6738789800787854e-05,logistic,0.001,"(23, 23)",0.016,"{'MLP__activation': 'logistic', 'MLP__alpha': 0.001, 'MLP__hidden_layer_sizes': (23, 23), 'MLP__learning_rate_init': 0.016}",0.6567955267655179,0.6523058344140042,0.6443874636123731,0.6472387723577974,0.6641362948932656,0.652972472543253,0.007017775370784939,84,0.6564101821535687,0.6483058973686187,0.6517430622543526,0.6600301539754319,0.6694407779025883,0.6571860147309121,0.007312352298054923
0.18516674041748046,0.002463836319167323,0.004611349105834961,0.0005548549501151556,logistic,0.001,"(11, 11)",0.001,"{'MLP__activation': 'logistic', 'MLP__alpha': 0.001, 'MLP__hidden_layer_sizes': (11, 11), 'MLP__learning_rate_init': 0.001}",0.5,0.5,0.5,0.5,0.5,0.5,0.0,151,0.5000000000000001,0.5,0.5,0.5,0.5,0.5,4.965068306494546e-17
0.5049769401550293,0.11114375441468712,0.004313325881958008,5.179966130768636e-05,logistic,0.001,"(11, 11)",0.004,"{'MLP__activation': 'logistic', 'MLP__alpha': 0.001, 'MLP__hidden_layer_sizes': (11, 11), 'MLP__learning_rate_init': 0.004}",0.6653508168845815,0.6562219441194874,0.6567993095797323,0.6430551399128812,0.6605638199322342,0.6563984055439898,0.007426224188771036,61,0.6649806891667969,0.6479548011916026,0.6656916575791179,0.6525337352855602,0.661213642041989,0.6584749050530133,0.0070409872562524085
0.337084436416626,0.09960304523399116,0.004281282424926758,0.00017901739624986572,logistic,0.001,"(11, 11)",0.016,"{'MLP__activation': 'logistic', 'MLP__alpha': 0.001, 'MLP__hidden_layer_sizes': (11, 11), 'MLP__learning_rate_init': 0.016}",0.671499046292225,0.652380650095371,0.6674510977500884,0.6471639566764305,0.663640331435712,0.6604273438964178,0.009197055073188092,26,0.6713175828769321,0.6455834749525438,0.6738561455357387,0.6597438397001602,0.662297035104218,0.6625596156339186,0.010005003479559158
1.4644739151000976,0.2652318914652504,0.01063385009765625,0.0002376617148435694,logistic,0.001,"(46, 46)",0.001,"{'MLP__activation': 'logistic', 'MLP__alpha': 0.001, 'MLP__hidden_layer_sizes': (46, 46), 'MLP__learning_rate_init': 0.001}",0.6523437991869685,0.6616200088871961,0.653958580829653,0.6453018774957453,0.658036726005782,0.6542519612757848,0.005521621107577652,74,0.6463329778751703,0.6532617207254106,0.6577096895600564,0.6601311690215401,0.6532219032063177,0.6541314920776989,0.004715936779484044
0.744187593460083,0.1668377954056176,0.01066732406616211,0.0001122640153521182,logistic,0.001,"(46, 46)",0.004,"{'MLP__activation': 'logistic', 'MLP__alpha': 0.001, 'MLP__hidden_layer_sizes': (46, 46), 'MLP__learning_rate_init': 0.004}",0.6603641869257165,0.6753430185633575,0.649865634059121,0.6456336359212002,0.6615515865031373,0.6585515629195241,0.010359109397072921,37,0.6553290677723854,0.6606961368051415,0.6570423210212184,0.6608654137725095,0.6599576979620891,0.6587781274666688,0.0022061707680722338
0.8450203895568847,0.2765453168702853,0.010671186447143554,0.00028028471934705507,logistic,0.001,"(46, 46)",0.016,"{'MLP__activation': 'logistic', 'MLP__alpha': 0.001, 'MLP__hidden_layer_sizes': (46, 46), 'MLP__learning_rate_init': 0.016}",0.6528090685596771,0.6607267549945135,0.6383153019984099,0.6249557907337377,0.6579791115421059,0.6469569901472313,0.013446589012545336,118,0.652820034234344,0.6506221889099147,0.6455883485545345,0.6419080625769236,0.6623906586526044,0.6506658585856642,0.006994189237111068
0.3055742263793945,0.003421391872845539,0.009702157974243165,0.0003063759598611249,logistic,0.001,"(23, 23, 23)",0.001,"{'MLP__activation': 'logistic', 'MLP__alpha': 0.001, 'MLP__hidden_layer_sizes': (23, 23, 23), 'MLP__learning_rate_init': 0.001}",0.5,0.5,0.5,0.5,0.5,0.5,0.0,151,0.5000000000000001,0.5,0.5,0.5,0.5,0.5,4.965068306494546e-17
0.6704775810241699,0.09460423697753965,0.009686279296875,0.00011591345413498554,logistic,0.001,"(23, 23, 23)",0.004,"{'MLP__activation': 'logistic', 'MLP__alpha': 0.001, 'MLP__hidden_layer_sizes': (23, 23, 23), 'MLP__learning_rate_init': 0.004}",0.6589628383874558,0.674962894444898,0.6644123719442706,0.6631495739284732,0.6706495028514747,0.6664269493669619,0.005678254542813355,5,0.6631478560449242,0.6667317267600162,0.6681981298249152,0.6700859931718238,0.6757659640508246,0.6687859339705008,0.004165673475471105
0.609986400604248,0.26029260035804974,0.009601831436157227,0.00010939698222582193,logistic,0.001,"(23, 23, 23)",0.016,"{'MLP__activation': 'logistic', 'MLP__alpha': 0.001, 'MLP__hidden_layer_sizes': (23, 23, 23), 'MLP__learning_rate_init': 0.016}",0.6517978159663828,0.6764448495071234,0.6430339799221917,0.6633581509795564,0.6787945743060166,0.6626847492713234,0.01381281266483131,13,0.6531732247217468,0.6664816377557614,0.6495263921766894,0.6772048376176442,0.6803135622187437,0.6653399308981172,0.012364351070833784
0.23277697563171387,0.001555981647964164,0.005728626251220703,0.0006391556751682535,logistic,0.001,"(11, 11, 11)",0.001,"{'MLP__activation': 'logistic', 'MLP__alpha': 0.001, 'MLP__hidden_layer_sizes': (11, 11, 11), 'MLP__learning_rate_init': 0.001}",0.5,0.5,0.5,0.5,0.5,0.5,0.0,151,0.5000000000000001,0.5,0.5,0.5,0.5,0.5,4.965068306494546e-17
0.8366376399993897,0.13219584108820825,0.005369329452514648,6.918060900346303e-05,logistic,0.001,"(11, 11, 11)",0.004,"{'MLP__activation': 'logistic', 'MLP__alpha': 0.001, 'MLP__hidden_layer_sizes': (11, 11, 11), 'MLP__learning_rate_init': 0.004}",0.6595032811879065,0.6657182456554005,0.661325280445448,0.6466289111975647,0.6519618670414505,0.6570278313311436,0.006839834590251538,51,0.665925286322401,0.6552436233327025,0.6705994062771773,0.6582265826849252,0.6550409346019915,0.6610071666438395,0.006208783548894704
0.535343599319458,0.10515641550865111,0.005416202545166016,9.210482174330757e-05,logistic,0.001,"(11, 11, 11)",0.016,"{'MLP__activation': 'logistic', 'MLP__alpha': 0.001, 'MLP__hidden_layer_sizes': (11, 11, 11), 'MLP__learning_rate_init': 0.016}",0.6577426867713404,0.653932130841291,0.6603141351760663,0.6452059018236889,0.6594566640897747,0.6553302323247107,0.005516177737455851,65,0.6630044491796871,0.6494873797407216,0.669487587282157,0.6533578464228336,0.6629791708936589,0.6596632867038117,0.007238549525461567
2.457642984390259,0.7487440078494362,0.015120458602905274,0.002294386703380393,logistic,0.001,"(46, 46, 46)",0.001,"{'MLP__activation': 'logistic', 'MLP__alpha': 0.001, 'MLP__hidden_layer_sizes': (46, 46, 46), 'MLP__learning_rate_init': 0.001}",0.6576730537637334,0.6419850489551499,0.6587414944394567,0.6570827023121824,0.6684989831110196,0.6567958054359189,0.00849625895856599,57,0.6600598171900652,0.6346666222399922,0.6607748545316412,0.6688571368688998,0.6653867302733751,0.6579490322207947,0.012073254729098707
1.5913279056549072,0.21036853955362372,0.013970041275024414,0.0008584800333638513,logistic,0.001,"(46, 46, 46)",0.004,"{'MLP__activation': 'logistic', 'MLP__alpha': 0.001, 'MLP__hidden_layer_sizes': (46, 46, 46), 'MLP__learning_rate_init': 0.004}",0.6544359373811643,0.6740696405522153,0.6515244261863954,0.6547339433456364,0.668912622181745,0.6607347107342313,0.00900228879692243,23,0.6569209288575968,0.6603763844238043,0.6567727218623062,0.6709616511139975,0.6695143448845303,0.662909206228447,0.0061384170246263975
0.958243465423584,0.11700012241690969,0.01396331787109375,0.0009220260649475872,logistic,0.001,"(46, 46, 46)",0.016,"{'MLP__activation': 'logistic', 'MLP__alpha': 0.001, 'MLP__hidden_layer_sizes': (46, 46, 46), 'MLP__learning_rate_init': 0.016}",0.6567203533377758,0.6528514598882147,0.6702275908141457,0.6673974420594112,0.6729110911750779,0.6640209128408485,0.00783592442874774,8,0.6570253836686787,0.6461240589794967,0.6776562559862044,0.676787558083061,0.6760936543416705,0.6667373822118223,0.012860790629614115
