mean_fit_time,std_fit_time,mean_score_time,std_score_time,param_DT__class_weight,param_DT__criterion,param_DT__max_depth,params,split0_test_score,split1_test_score,split2_test_score,split3_test_score,split4_test_score,mean_test_score,std_test_score,rank_test_score,split0_train_score,split1_train_score,split2_train_score,split3_train_score,split4_train_score,mean_train_score,std_train_score
0.015901803970336914,0.002212207767420259,0.0019942283630371093,0.00022402779991342176,balanced,gini,1,"{'DT__class_weight': 'balanced', 'DT__criterion': 'gini', 'DT__max_depth': 1}",0.9219918842284011,0.9002868182586774,0.9094061838524341,0.9282060115540856,0.9327509712420406,0.9185275835956173,0.012032260407079175,19,0.9196174955619065,0.9253457658696247,0.9227259007925431,0.9180493313060852,0.9172997293004133,0.9206076445661147,0.003013452110773148
0.02577495574951172,0.001894139415850359,0.0018850803375244141,5.4210030880401864e-05,balanced,gini,2,"{'DT__class_weight': 'balanced', 'DT__criterion': 'gini', 'DT__max_depth': 2}",0.9219918842284011,0.9002868182586774,0.9094061838524341,0.9282060115540856,0.9327509712420406,0.9185275835956173,0.012032260407079175,19,0.9196174955619065,0.9253457658696247,0.9227259007925431,0.9180493313060852,0.9172997293004133,0.9206076445661147,0.003013452110773148
0.03463420867919922,0.00033241623059533784,0.001996755599975586,0.00011542700083853659,balanced,gini,3,"{'DT__class_weight': 'balanced', 'DT__criterion': 'gini', 'DT__max_depth': 3}",0.9315511542143186,0.9295367896490669,0.9325803345378189,0.9314318292661917,0.946526313277594,0.9343245622477709,0.006178687530362563,3,0.9416670366780268,0.9419432408390014,0.9420435051147431,0.9406914980436356,0.9394272154243227,0.941154499219946,0.000987220225525951
0.043700361251831056,0.00019848117454739862,0.002091503143310547,2.563220391643578e-05,balanced,gini,4,"{'DT__class_weight': 'balanced', 'DT__criterion': 'gini', 'DT__max_depth': 4}",0.9326674807564949,0.9306347436409942,0.9317003090500997,0.935471419574595,0.9470814275374757,0.9355103383326903,0.006003955067442125,2,0.9444782568305728,0.9464762742793978,0.9460541936781965,0.9446544064151053,0.9419453090020219,0.9447216880410589,0.0015891010213706191
0.053093576431274415,0.0001711166268374347,0.00198979377746582,9.011180252302432e-05,balanced,gini,5,"{'DT__class_weight': 'balanced', 'DT__criterion': 'gini', 'DT__max_depth': 5}",0.9236939953020933,0.9323808429998868,0.9295783682733046,0.9348034930193447,0.9414705835969847,0.9323842422552867,0.005862157495580599,7,0.9473869321573543,0.9472874111008095,0.9493865962357083,0.948744572997732,0.9469213541218429,0.9479453733226894,0.0009496557007529892
0.06064167022705078,0.002693397990527266,0.002114725112915039,0.00013062182623170033,balanced,gini,6,"{'DT__class_weight': 'balanced', 'DT__criterion': 'gini', 'DT__max_depth': 6}",0.9241641151255346,0.9340059896247942,0.9248522186469661,0.9351750503475976,0.9405453095471562,0.9317476348990789,0.006313527496345935,8,0.9520714026397806,0.9524118507876715,0.9548784697733986,0.9535282874157134,0.9534348658223726,0.9532649752877873,0.0009852915917960756
0.06693229675292969,0.002856258464772377,0.002180671691894531,0.00024243746997020828,balanced,gini,7,"{'DT__class_weight': 'balanced', 'DT__criterion': 'gini', 'DT__max_depth': 7}",0.9231343398196913,0.9221664642576191,0.9242778874694352,0.935248606273243,0.9396592133902211,0.9288960271503512,0.0071553905565932,10,0.9560780628993896,0.959839999807358,0.9606221369675959,0.9614689143293397,0.9602129853165667,0.9596444198640499,0.001863605697342694
0.07223763465881347,0.0030365144359913924,0.0021028995513916017,0.00020705691525516206,balanced,gini,8,"{'DT__class_weight': 'balanced', 'DT__criterion': 'gini', 'DT__max_depth': 8}",0.9223891866011074,0.9262491100604267,0.9244825810880386,0.9277221927530135,0.939068648049815,0.9279814413813933,0.005822319871163991,11,0.9630864868415553,0.9657089522103741,0.9684772610013527,0.9687217585010395,0.9674534961609192,0.9666895909430482,0.002090599526127222
0.07605676651000977,0.003544601204029918,0.002074003219604492,0.00010262838444027925,balanced,gini,9,"{'DT__class_weight': 'balanced', 'DT__criterion': 'gini', 'DT__max_depth': 9}",0.9169543090964758,0.9175487602440419,0.9190869697289052,0.9257776070257501,0.9401403041630397,0.9239001759301368,0.008706174613154009,13,0.9675497905310608,0.9712394122361695,0.9731155378280911,0.9736105623502148,0.9758008557098782,0.9722632317310829,0.0027684379422275437
0.07735209465026856,0.0032606637149590204,0.002073860168457031,6.45575879647373e-05,balanced,gini,10,"{'DT__class_weight': 'balanced', 'DT__criterion': 'gini', 'DT__max_depth': 10}",0.9135282149394438,0.9135642452570482,0.9150851608022131,0.9265184488401768,0.9387613357192686,0.921489815113013,0.009907343547810038,15,0.9738837055028621,0.9783930863967873,0.9789900706743816,0.9765161516031646,0.982819957502321,0.9781205943359034,0.002947531803475209
0.07983598709106446,0.002600425348338549,0.002237749099731445,0.000328004472627851,balanced,gini,11,"{'DT__class_weight': 'balanced', 'DT__criterion': 'gini', 'DT__max_depth': 11}",0.9140859434606103,0.9148618152135716,0.9148985842889694,0.9104879958368689,0.9393211507267534,0.918730178811097,0.010421539892125709,18,0.9801902012780555,0.9837529286365506,0.9845194870726071,0.9803924060635232,0.9881649852504739,0.9834040016602422,0.0029472442525576765
0.08196396827697754,0.0019661883537214746,0.0020934104919433593,0.00010365683081413792,balanced,gini,12,"{'DT__class_weight': 'balanced', 'DT__criterion': 'gini', 'DT__max_depth': 12}",0.9059930640346505,0.907520841053686,0.9075337836775879,0.9135946759586646,0.931628759178388,0.9132528100784569,0.00954999213292707,24,0.9858289467811241,0.9890568697646139,0.9874548009858958,0.9830437432444393,0.9916326197554346,0.9874033961063017,0.0029020135777856203
0.082279634475708,0.0024316243599765753,0.002107095718383789,9.530093735943298e-05,balanced,gini,13,"{'DT__class_weight': 'balanced', 'DT__criterion': 'gini', 'DT__max_depth': 13}",0.9050779105726833,0.904933383031585,0.9082818177528195,0.9045497283538755,0.9265184488401768,0.9098712430734803,0.008429506033183362,26,0.9901624049325783,0.9924547982977248,0.9923060155149321,0.9873990988901424,0.9950259124898876,0.991469646025053,0.002553245125100254
0.08261380195617676,0.0026892000625013115,0.00219578742980957,0.00018084940482892417,balanced,gini,14,"{'DT__class_weight': 'balanced', 'DT__criterion': 'gini', 'DT__max_depth': 14}",0.8968962570045522,0.9034367365535249,0.9064182570062325,0.915645347207078,0.92539681195068,0.9095564856324098,0.009955828009964267,27,0.9934568754787331,0.9950255277025222,0.9948320101096126,0.9910099025552845,0.9968865258418356,0.9942421683375977,0.00195030350369085
0.08360757827758789,0.0034672109117016158,0.0020882129669189454,9.881218820858442e-05,balanced,gini,15,"{'DT__class_weight': 'balanced', 'DT__criterion': 'gini', 'DT__max_depth': 15}",0.894230670701378,0.8991214506163122,0.9071678317539752,0.9145662520403786,0.9282060115540856,0.9086557619155712,0.011986434004146626,29,0.9952641056924327,0.996744533385254,0.9969839517904467,0.9933981579204851,0.9984168865435356,0.9961615270664309,0.0017055497251443476
0.0836557388305664,0.002931155302587166,0.0020751476287841795,5.274461324246861e-05,balanced,gini,16,"{'DT__class_weight': 'balanced', 'DT__criterion': 'gini', 'DT__max_depth': 16}",0.8923288205959705,0.8968569309897236,0.9019145252321014,0.9004203982045936,0.9238819455485282,0.9030785876006927,0.010912714372821293,36,0.9963611988892079,0.9976987247099439,0.9975584951034623,0.9961709650669757,0.998896088312935,0.997337094416505,0.00099221836734218
0.08413558006286621,0.0030877087451063744,0.0021558284759521486,0.0001380893900653708,balanced,gini,17,"{'DT__class_weight': 'balanced', 'DT__criterion': 'gini', 'DT__max_depth': 17}",0.8892396486785691,0.8956984948856592,0.8981217822183925,0.894715468517837,0.9254853062209544,0.9006501999849872,0.012751828325500718,44,0.997364006709801,0.9985125473825635,0.9991838302366893,0.9983211013575095,0.9990878978445586,0.9984938767062245,0.0006535599606899642
0.0844120979309082,0.002958624872114141,0.0020641326904296876,2.3943493694854716e-05,balanced,gini,18,"{'DT__class_weight': 'balanced', 'DT__criterion': 'gini', 'DT__max_depth': 18}",0.8901699888456239,0.8985318996597477,0.88911160736854,0.8912383514266498,0.9238819455485282,0.8985855790476529,0.013071645053319331,81,0.9979873132163593,0.9991837518605657,0.999663768672847,0.9989440337909187,0.999471737982039,0.999050121104546,0.0005853198157807
0.08422627449035644,0.0029551779529722855,0.00211639404296875,6.812673122618205e-05,balanced,gini,19,"{'DT__class_weight': 'balanced', 'DT__criterion': 'gini', 'DT__max_depth': 19}",0.886114382055345,0.8945323628793411,0.8873490340593642,0.9007720658321153,0.9195228480232487,0.8976563077772638,0.012140926791116514,84,0.9991357787593624,0.9994716872388455,0.9998558731683882,0.99937575030012,0.9998558731683882,0.9995389925270208,0.000280922071271005
0.08465094566345215,0.003200733170046506,0.00214080810546875,7.073962410726224e-05,balanced,gini,20,"{'DT__class_weight': 'balanced', 'DT__criterion': 'gini', 'DT__max_depth': 20}",0.883606418201883,0.8996520255160163,0.8873490340593642,0.8963985525282887,0.9236942559590965,0.8981381327306613,0.014042439346396906,82,0.9993756903424099,0.9995677025793747,1.0,0.9996637686728469,0.9999519531062316,0.9997118229401727,0.00023527580782806135
0.0847093105316162,0.00292366648089243,0.0020490646362304687,3.5230038137858336e-05,balanced,gini,21,"{'DT__class_weight': 'balanced', 'DT__criterion': 'gini', 'DT__max_depth': 21}",0.8837925805348169,0.8927981513015439,0.8873490340593642,0.8885511903339445,0.9215191761727837,0.8948003486786279,0.013664113363896177,124,0.9995677025793747,0.9997117601844735,1.0,0.9998558731683882,1.0,0.9998270671864473,0.00016805178053696179
0.08509435653686523,0.0035768397673112146,0.0021128177642822264,8.296245784803185e-05,balanced,gini,22,"{'DT__class_weight': 'balanced', 'DT__criterion': 'gini', 'DT__max_depth': 22}",0.886114382055345,0.8881812689402764,0.8873490340593642,0.8958368213846644,0.9215191761727837,0.89579825145638,0.013301525156593242,115,0.9995677025793747,0.999807821658499,1.0,0.9999039108292496,1.0,0.9998558870134246,0.00016075070081250553
0.08424668312072754,0.0032323819131925445,0.0021062850952148437,7.919482870581896e-05,balanced,gini,23,"{'DT__class_weight': 'balanced', 'DT__criterion': 'gini', 'DT__max_depth': 23}",0.8837925805348169,0.8881812689402764,0.8873490340593642,0.8960239868582636,0.9215191761727837,0.895371089380294,0.013668748345062124,117,0.9996637363693135,0.99995194848878,1.0,1.0,1.0,0.9999231369716186,0.00013102866205015837
0.08420639038085938,0.0029421179775787486,0.002130413055419922,0.0001465129482942393,balanced,gini,24,"{'DT__class_weight': 'balanced', 'DT__criterion': 'gini', 'DT__max_depth': 24}",0.881275020626465,0.8904945130512958,0.8873490340593642,0.8960239868582636,0.9215191761727837,0.8953300446810714,0.013934973635703075,118,0.9997117601844734,1.0,1.0,1.0,1.0,0.9999423520368946,0.00011529592621064566
0.08479838371276856,0.0026733821220584846,0.002149009704589844,0.00015713311759326602,balanced,gini,25,"{'DT__class_weight': 'balanced', 'DT__criterion': 'gini', 'DT__max_depth': 25}",0.881275020626465,0.8904945130512958,0.8873490340593642,0.8960239868582636,0.9215191761727837,0.8953300446810714,0.013934973635703075,118,0.9997597886139802,1.0,1.0,1.0,1.0,0.9999519577227961,9.608455440792697e-05
0.08492608070373535,0.002602106018857193,0.0023447513580322266,0.000339630478582321,balanced,gini,26,"{'DT__class_weight': 'balanced', 'DT__criterion': 'gini', 'DT__max_depth': 26}",0.8863007236237139,0.8904945130512958,0.8873490340593642,0.8960239868582636,0.9215191761727837,0.8963356766888322,0.013036787877768088,90,0.9997597886139802,1.0,1.0,1.0,1.0,0.9999519577227961,9.608455440792697e-05
0.08513603210449219,0.0027658974056684136,0.0020409107208251955,3.6300557758948065e-05,balanced,gini,27,"{'DT__class_weight': 'balanced', 'DT__criterion': 'gini', 'DT__max_depth': 27}",0.883978821327383,0.8904945130512958,0.8873490340593642,0.8960239868582636,0.9215191761727837,0.8958710691962363,0.013421824764744166,91,1.0,1.0,1.0,1.0,1.0,1.0,0.0
0.08444104194641114,0.0028146910272713165,0.0021979808807373047,0.00019018224292028892,balanced,gini,28,"{'DT__class_weight': 'balanced', 'DT__criterion': 'gini', 'DT__max_depth': 28}",0.883978821327383,0.8904945130512958,0.8873490340593642,0.8960239868582636,0.9215191761727837,0.8958710691962363,0.013421824764744166,91,1.0,1.0,1.0,1.0,1.0,1.0,0.0
0.08496956825256348,0.002366295124583488,0.0022727012634277343,0.0003651819512535256,balanced,gini,29,"{'DT__class_weight': 'balanced', 'DT__criterion': 'gini', 'DT__max_depth': 29}",0.883978821327383,0.8904945130512958,0.8873490340593642,0.8960239868582636,0.9215191761727837,0.8958710691962363,0.013421824764744166,91,1.0,1.0,1.0,1.0,1.0,1.0,0.0
0.08422694206237794,0.0025499077479959587,0.0021066665649414062,5.591167310082849e-05,balanced,gini,30,"{'DT__class_weight': 'balanced', 'DT__criterion': 'gini', 'DT__max_depth': 30}",0.883978821327383,0.8904945130512958,0.8873490340593642,0.8960239868582636,0.9215191761727837,0.8958710691962363,0.013421824764744166,91,1.0,1.0,1.0,1.0,1.0,1.0,0.0
0.08523168563842773,0.004174662250447339,0.0021471500396728514,7.770110873720631e-05,balanced,gini,31,"{'DT__class_weight': 'balanced', 'DT__criterion': 'gini', 'DT__max_depth': 31}",0.883978821327383,0.8904945130512958,0.8873490340593642,0.8960239868582636,0.9215191761727837,0.8958710691962363,0.013421824764744166,91,1.0,1.0,1.0,1.0,1.0,1.0,0.0
0.08470773696899414,0.00292920526804886,0.002293300628662109,0.0001891532169727437,balanced,gini,32,"{'DT__class_weight': 'balanced', 'DT__criterion': 'gini', 'DT__max_depth': 32}",0.883978821327383,0.8904945130512958,0.8873490340593642,0.8960239868582636,0.9215191761727837,0.8958710691962363,0.013421824764744166,91,1.0,1.0,1.0,1.0,1.0,1.0,0.0
0.08446145057678223,0.002635849813933082,0.0022157669067382813,0.00016764645121041268,balanced,gini,33,"{'DT__class_weight': 'balanced', 'DT__criterion': 'gini', 'DT__max_depth': 33}",0.883978821327383,0.8904945130512958,0.8873490340593642,0.8960239868582636,0.9215191761727837,0.8958710691962363,0.013421824764744166,91,1.0,1.0,1.0,1.0,1.0,1.0,0.0
0.08476433753967286,0.003781988902901099,0.0021756172180175783,0.00015723479524543216,balanced,gini,34,"{'DT__class_weight': 'balanced', 'DT__criterion': 'gini', 'DT__max_depth': 34}",0.883978821327383,0.8904945130512958,0.8873490340593642,0.8960239868582636,0.9215191761727837,0.8958710691962363,0.013421824764744166,91,1.0,1.0,1.0,1.0,1.0,1.0,0.0
0.08548402786254883,0.003163453902996275,0.0022345066070556642,0.00024286634217318565,balanced,gini,35,"{'DT__class_weight': 'balanced', 'DT__criterion': 'gini', 'DT__max_depth': 35}",0.883978821327383,0.8904945130512958,0.8873490340593642,0.8960239868582636,0.9215191761727837,0.8958710691962363,0.013421824764744166,91,1.0,1.0,1.0,1.0,1.0,1.0,0.0
0.08447775840759278,0.002297941926563933,0.0021275997161865233,8.872905580775934e-05,balanced,gini,36,"{'DT__class_weight': 'balanced', 'DT__criterion': 'gini', 'DT__max_depth': 36}",0.883978821327383,0.8904945130512958,0.8873490340593642,0.8960239868582636,0.9215191761727837,0.8958710691962363,0.013421824764744166,91,1.0,1.0,1.0,1.0,1.0,1.0,0.0
0.08387813568115235,0.0030980280903138346,0.002192068099975586,0.00011851369092218486,balanced,gini,37,"{'DT__class_weight': 'balanced', 'DT__criterion': 'gini', 'DT__max_depth': 37}",0.883978821327383,0.8904945130512958,0.8873490340593642,0.8960239868582636,0.9215191761727837,0.8958710691962363,0.013421824764744166,91,1.0,1.0,1.0,1.0,1.0,1.0,0.0
0.08569445610046386,0.0014984581149919132,0.0020485401153564455,3.834031698731132e-05,balanced,gini,38,"{'DT__class_weight': 'balanced', 'DT__criterion': 'gini', 'DT__max_depth': 38}",0.883978821327383,0.8904945130512958,0.8873490340593642,0.8960239868582636,0.9215191761727837,0.8958710691962363,0.013421824764744166,91,1.0,1.0,1.0,1.0,1.0,1.0,0.0
0.0842963695526123,0.0024352255533531624,0.0020680904388427736,6.833184621398363e-05,balanced,gini,39,"{'DT__class_weight': 'balanced', 'DT__criterion': 'gini', 'DT__max_depth': 39}",0.883978821327383,0.8904945130512958,0.8873490340593642,0.8960239868582636,0.9215191761727837,0.8958710691962363,0.013421824764744166,91,1.0,1.0,1.0,1.0,1.0,1.0,0.0
0.0851374626159668,0.0035910865177199137,0.0020801544189453123,5.1181622408448034e-05,balanced,gini,40,"{'DT__class_weight': 'balanced', 'DT__criterion': 'gini', 'DT__max_depth': 40}",0.883978821327383,0.8904945130512958,0.8873490340593642,0.8960239868582636,0.9215191761727837,0.8958710691962363,0.013421824764744166,91,1.0,1.0,1.0,1.0,1.0,1.0,0.0
0.08534474372863769,0.0017800481038416393,0.0022460460662841798,0.0002408889861647201,balanced,gini,41,"{'DT__class_weight': 'balanced', 'DT__criterion': 'gini', 'DT__max_depth': 41}",0.883978821327383,0.8904945130512958,0.8873490340593642,0.8960239868582636,0.9215191761727837,0.8958710691962363,0.013421824764744166,91,1.0,1.0,1.0,1.0,1.0,1.0,0.0
0.08467097282409668,0.00195510279365718,0.0020353317260742186,3.48285072328562e-05,balanced,gini,42,"{'DT__class_weight': 'balanced', 'DT__criterion': 'gini', 'DT__max_depth': 42}",0.883978821327383,0.8904945130512958,0.8873490340593642,0.8960239868582636,0.9215191761727837,0.8958710691962363,0.013421824764744166,91,1.0,1.0,1.0,1.0,1.0,1.0,0.0
0.08493037223815918,0.0023803131857959457,0.002147483825683594,0.0001890303865764571,balanced,gini,43,"{'DT__class_weight': 'balanced', 'DT__criterion': 'gini', 'DT__max_depth': 43}",0.883978821327383,0.8904945130512958,0.8873490340593642,0.8960239868582636,0.9215191761727837,0.8958710691962363,0.013421824764744166,91,1.0,1.0,1.0,1.0,1.0,1.0,0.0
0.08526139259338379,0.00309171664501171,0.0021120548248291016,8.882051774470034e-05,balanced,gini,44,"{'DT__class_weight': 'balanced', 'DT__criterion': 'gini', 'DT__max_depth': 44}",0.883978821327383,0.8904945130512958,0.8873490340593642,0.8960239868582636,0.9215191761727837,0.8958710691962363,0.013421824764744166,91,1.0,1.0,1.0,1.0,1.0,1.0,0.0
0.08387918472290039,0.0028121332331560527,0.002086639404296875,7.902473628882634e-05,balanced,gini,45,"{'DT__class_weight': 'balanced', 'DT__criterion': 'gini', 'DT__max_depth': 45}",0.883978821327383,0.8904945130512958,0.8873490340593642,0.8960239868582636,0.9215191761727837,0.8958710691962363,0.013421824764744166,91,1.0,1.0,1.0,1.0,1.0,1.0,0.0
0.08563761711120606,0.002614077562577735,0.0020793914794921876,4.6394466706751604e-05,balanced,gini,46,"{'DT__class_weight': 'balanced', 'DT__criterion': 'gini', 'DT__max_depth': 46}",0.883978821327383,0.8904945130512958,0.8873490340593642,0.8960239868582636,0.9215191761727837,0.8958710691962363,0.013421824764744166,91,1.0,1.0,1.0,1.0,1.0,1.0,0.0
0.08360486030578614,0.0025310199574943813,0.0020987987518310547,0.00013118370005899845,balanced,gini,47,"{'DT__class_weight': 'balanced', 'DT__criterion': 'gini', 'DT__max_depth': 47}",0.883978821327383,0.8904945130512958,0.8873490340593642,0.8960239868582636,0.9215191761727837,0.8958710691962363,0.013421824764744166,91,1.0,1.0,1.0,1.0,1.0,1.0,0.0
0.08542475700378419,0.002337128178729864,0.0020751953125,4.05802149377946e-05,balanced,gini,48,"{'DT__class_weight': 'balanced', 'DT__criterion': 'gini', 'DT__max_depth': 48}",0.883978821327383,0.8904945130512958,0.8873490340593642,0.8960239868582636,0.9215191761727837,0.8958710691962363,0.013421824764744166,91,1.0,1.0,1.0,1.0,1.0,1.0,0.0
0.08402075767517089,0.002828104328323318,0.002290678024291992,0.00045233362963319586,balanced,gini,49,"{'DT__class_weight': 'balanced', 'DT__criterion': 'gini', 'DT__max_depth': 49}",0.883978821327383,0.8904945130512958,0.8873490340593642,0.8960239868582636,0.9215191761727837,0.8958710691962363,0.013421824764744166,91,1.0,1.0,1.0,1.0,1.0,1.0,0.0
0.08619384765625,0.002809155207467352,0.0020775794982910156,4.245645165120739e-05,balanced,gini,50,"{'DT__class_weight': 'balanced', 'DT__criterion': 'gini', 'DT__max_depth': 50}",0.883978821327383,0.8904945130512958,0.8873490340593642,0.8960239868582636,0.9215191761727837,0.8958710691962363,0.013421824764744166,91,1.0,1.0,1.0,1.0,1.0,1.0,0.0
0.019009876251220702,0.00035461682177755885,0.0019516468048095704,0.00025839019368513997,balanced,entropy,1,"{'DT__class_weight': 'balanced', 'DT__criterion': 'entropy', 'DT__max_depth': 1}",0.9219918842284011,0.9041743272869736,0.9094061838524341,0.9282060115540856,0.9336882152609456,0.9194926035343773,0.011135772163152789,16,0.9196174955619065,0.9235025596461537,0.9227259007925431,0.9180493313060852,0.9165898583797929,0.9200970291372963,0.002654500699064825
0.0350761890411377,0.0015964741089873604,0.0020827770233154295,0.0002195657470260473,balanced,entropy,2,"{'DT__class_weight': 'balanced', 'DT__criterion': 'entropy', 'DT__max_depth': 2}",0.9219918842284011,0.9041743272869736,0.9094061838524341,0.9282060115540856,0.9336882152609456,0.9194926035343773,0.011135772163152789,16,0.9196174955619065,0.9235025596461537,0.9227259007925431,0.9180493313060852,0.9165898583797929,0.9200970291372963,0.002654500699064825
0.049314260482788086,0.0011400521206503878,0.002045345306396484,9.571755036560275e-05,balanced,entropy,3,"{'DT__class_weight': 'balanced', 'DT__criterion': 'entropy', 'DT__max_depth': 3}",0.9334698705999076,0.9299024863429847,0.924617666432166,0.9352695221142162,0.9447298474705258,0.933597602617087,0.006648159315373747,4,0.9413411901740056,0.9413854624201009,0.9368553187329915,0.9387779530517295,0.9360831623157596,0.9388886173389175,0.002203019589705144
0.06337432861328125,0.0014562716449307348,0.0023226261138916014,0.0006998157948939856,balanced,entropy,4,"{'DT__class_weight': 'balanced', 'DT__criterion': 'entropy', 'DT__max_depth': 4}",0.9312997561595963,0.9303750775093822,0.9324954666416373,0.942557788739859,0.9493016331551556,0.937204642356792,0.007465421423521543,1,0.9446141823008535,0.9447101678233865,0.942860802861263,0.9414510706469975,0.941252061613432,0.9429776570491863,0.0014833481745391377
0.07369632720947265,0.0017074145976939843,0.0021044731140136717,0.00016184104631995565,balanced,entropy,5,"{'DT__class_weight': 'balanced', 'DT__criterion': 'entropy', 'DT__max_depth': 5}",0.927047670017966,0.9299829151472871,0.932804246708538,0.9317976225362166,0.9453626888862641,0.9333979028853477,0.006293612097129655,5,0.9479537328960455,0.9451093967846574,0.9465780057089558,0.9449531556321983,0.9425270977573318,0.9454242777558377,0.0018135043160282865
0.0846949577331543,0.0034976147291888313,0.0024265766143798826,0.0005591782033041205,balanced,entropy,6,"{'DT__class_weight': 'balanced', 'DT__criterion': 'entropy', 'DT__max_depth': 6}",0.9260283638985394,0.9312953812325592,0.9298162124330567,0.9306956431319539,0.944880663860793,0.932542255729532,0.00643505835941971,6,0.9510072209510844,0.95205421189577,0.9514395724489492,0.9508048984741594,0.9512763561378133,0.9513164519815552,0.00042857130989694696
0.0898653507232666,0.001713699009349483,0.0020250797271728514,5.694829268640518e-05,balanced,entropy,7,"{'DT__class_weight': 'balanced', 'DT__criterion': 'entropy', 'DT__max_depth': 7}",0.9346377214058885,0.920573851966779,0.9228990401380146,0.9270762662277318,0.9420815754348079,0.9294537949752558,0.007921935737215464,9,0.9551995181516006,0.9600971295169963,0.9569217160630188,0.9575345134738604,0.958816735037546,0.9577139224486044,0.0016660059449794097
0.09565262794494629,0.002593823961152221,0.002089977264404297,9.546358506434561e-05,balanced,entropy,8,"{'DT__class_weight': 'balanced', 'DT__criterion': 'entropy', 'DT__max_depth': 8}",0.9283543716489194,0.9234600687167487,0.9244641869389244,0.9227141710310027,0.9376896360571542,0.9273363583236804,0.005528838165201465,12,0.9599035039415619,0.9649587221719519,0.9648961454771662,0.9651005056110499,0.9665950205982453,0.9642907795599951,0.002281490110377507
0.09875607490539551,0.003985761336472867,0.002018165588378906,5.164003326180505e-05,balanced,entropy,9,"{'DT__class_weight': 'balanced', 'DT__criterion': 'entropy', 'DT__max_depth': 9}",0.9268612985805816,0.9166728472891811,0.9113680303507169,0.9201337584571119,0.9376437051465756,0.9225361226610589,0.009074807062038151,14,0.9642492925381762,0.9708586205948945,0.9734911391524788,0.9703495205107622,0.9717339823604016,0.9701365110313427,0.003131504473081905
0.10186042785644531,0.005216107021903692,0.0021150588989257814,0.0001262690905447956,balanced,entropy,10,"{'DT__class_weight': 'balanced', 'DT__criterion': 'entropy', 'DT__max_depth': 10}",0.9209783182442828,0.9117438660413215,0.8966416815350716,0.9166675683487934,0.9368623292538849,0.916579029556055,0.013049856067549798,21,0.9691330247159451,0.9741163325546199,0.9794482255265872,0.9746850665220891,0.9757843786025363,0.9746334055843555,0.00331757299943301
0.10325918197631836,0.0060617297892307685,0.002075958251953125,8.449002779653997e-05,balanced,entropy,11,"{'DT__class_weight': 'balanced', 'DT__criterion': 'entropy', 'DT__max_depth': 11}",0.9180690071706554,0.9023375260089626,0.8981884666419105,0.9170389545321699,0.9338758901322485,0.9139017432814371,0.012701989525948096,23,0.9755129107561501,0.9816185760276668,0.9851393311096677,0.9799829212486566,0.982854619279528,0.9810216716843337,0.0032278959170444687
0.10528759956359864,0.005191332451441709,0.002117776870727539,0.00019906958252583672,balanced,entropy,12,"{'DT__class_weight': 'balanced', 'DT__criterion': 'entropy', 'DT__max_depth': 12}",0.9162679351939074,0.9013960429252655,0.8957829937434098,0.9078859408137601,0.930956727155589,0.9104581066316618,0.012312083066275346,25,0.978988281391164,0.9845844165933669,0.990076689982001,0.9874778537995607,0.9883724279734565,0.9858999339479098,0.003887155147616047
0.10684499740600586,0.0075430101316221795,0.0021343231201171875,0.00011280882840517034,balanced,entropy,13,"{'DT__class_weight': 'balanced', 'DT__criterion': 'entropy', 'DT__max_depth': 13}",0.9063619502921336,0.8987499093108595,0.8983416853749228,0.9047429267117096,0.9276339504722487,0.9071653843036277,0.010715024700996615,31,0.9873701461492984,0.9901851441836299,0.9935843702502699,0.9910574566336442,0.9926833280368981,0.9909760890507482,0.002161149437058515
0.10737519264221192,0.007041321979117937,0.0021596908569335937,0.0001391514753992879,balanced,entropy,14,"{'DT__class_weight': 'balanced', 'DT__criterion': 'entropy', 'DT__max_depth': 14}",0.8947250088493492,0.900237919953998,0.8934107664221969,0.895183214663488,0.9240916630715389,0.9015286738597407,0.011516107073343168,40,0.9907636640639872,0.9935340227009293,0.9962191511237134,0.9938752833931394,0.9946396381948232,0.9938063518953184,0.0017806083316622605
0.10661473274230956,0.005922669727337254,0.002117490768432617,0.00011031198678745972,balanced,entropy,15,"{'DT__class_weight': 'balanced', 'DT__criterion': 'entropy', 'DT__max_depth': 15}",0.8950126554643082,0.8983454831388805,0.8949503582309881,0.8972243891709877,0.9275449644849355,0.9026142098580264,0.012531681010033482,37,0.9943596694344319,0.995453352070368,0.9977467759720026,0.9960279402989778,0.9979381443298969,0.9963051764211354,0.0013661812093135272
0.10706944465637207,0.006231721052336392,0.0020905017852783205,7.881519631827717e-05,balanced,entropy,16,"{'DT__class_weight': 'balanced', 'DT__criterion': 'entropy', 'DT__max_depth': 16}",0.8970506977732634,0.8901926525650168,0.8966265521505918,0.8956945589464003,0.9214479146603796,0.9002013358576592,0.010904355255858878,45,0.996838474803602,0.9970772842700403,0.9991358617378782,0.9987522794893946,0.9987522794893945,0.998111235958062,0.0009550611138828572
0.1068652629852295,0.006390154087644334,0.002098369598388672,0.0001639185835068581,balanced,entropy,17,"{'DT__class_weight': 'balanced', 'DT__criterion': 'entropy', 'DT__max_depth': 17}",0.8909744041749745,0.8905639352091399,0.8924215621267211,0.8956945589464003,0.9284797680923939,0.8996250041263548,0.014537748949361518,46,0.9978422440661711,0.9980336674500028,0.999663768672847,0.9997117878758767,0.9998078401229824,0.999011861637576,0.0008801511691600118
0.10699090957641602,0.006223412939014344,0.002161455154418945,0.00022635171103699416,balanced,entropy,18,"{'DT__class_weight': 'balanced', 'DT__criterion': 'entropy', 'DT__max_depth': 18}",0.891102277732158,0.8891905228043248,0.892235035081351,0.8968131835829657,0.928105620631952,0.8994874371364322,0.01452550722586778,47,0.9989463598063203,0.9984167346351296,0.9999039108292496,0.9998558731683882,0.9998558731683882,0.9993957503214952,0.0006069722760367407
0.1065443992614746,0.006383623354773529,0.002072000503540039,4.244991749159507e-05,balanced,entropy,19,"{'DT__class_weight': 'balanced', 'DT__criterion': 'entropy', 'DT__max_depth': 19}",0.8930221916090867,0.8839986538677289,0.892235035081351,0.8962535222226544,0.9286669549680432,0.8988334233323149,0.01545267143846886,50,0.999807821658499,0.9995196926032661,0.9999519531062316,1.0,1.0,0.9998558934735993,0.00018226505948416738
0.10680060386657715,0.006027441245995989,0.0021180152893066407,5.4428742380638755e-05,balanced,entropy,20,"{'DT__class_weight': 'balanced', 'DT__criterion': 'entropy', 'DT__max_depth': 20}",0.8843515384899007,0.8841842729118973,0.8924215621267213,0.8962535222226544,0.9286669549680432,0.8971728714875689,0.016421199177584868,86,0.999855859318695,0.9996157171678355,1.0,1.0,1.0,0.9998943152973061,0.00015006901691285666
0.1067270278930664,0.007251215732854301,0.002174520492553711,0.00012664337106840738,balanced,entropy,21,"{'DT__class_weight': 'balanced', 'DT__criterion': 'entropy', 'DT__max_depth': 21}",0.8909156637634613,0.8854857920707867,0.8924215621267213,0.8962535222226544,0.9286669549680432,0.8987466785681534,0.01535238780891694,51,1.0,1.0,1.0,1.0,1.0,1.0,0.0
0.10670914649963378,0.00642208246249167,0.002119016647338867,2.940983774747954e-05,balanced,entropy,22,"{'DT__class_weight': 'balanced', 'DT__criterion': 'entropy', 'DT__max_depth': 22}",0.8909156637634613,0.8854857920707867,0.8924215621267213,0.8962535222226544,0.9286669549680432,0.8987466785681534,0.01535238780891694,51,1.0,1.0,1.0,1.0,1.0,1.0,0.0
0.10756025314331055,0.006885099330927487,0.0020891666412353516,6.244356914736236e-05,balanced,entropy,23,"{'DT__class_weight': 'balanced', 'DT__criterion': 'entropy', 'DT__max_depth': 23}",0.8909156637634613,0.8854857920707867,0.8924215621267213,0.8962535222226544,0.9286669549680432,0.8987466785681534,0.01535238780891694,51,1.0,1.0,1.0,1.0,1.0,1.0,0.0
0.10653276443481445,0.005615000465224096,0.0021167755126953124,8.328129900167137e-05,balanced,entropy,24,"{'DT__class_weight': 'balanced', 'DT__criterion': 'entropy', 'DT__max_depth': 24}",0.8909156637634613,0.8854857920707867,0.8924215621267213,0.8962535222226544,0.9286669549680432,0.8987466785681534,0.01535238780891694,51,1.0,1.0,1.0,1.0,1.0,1.0,0.0
0.10592474937438964,0.006503924199218171,0.002107715606689453,3.94965689003672e-05,balanced,entropy,25,"{'DT__class_weight': 'balanced', 'DT__criterion': 'entropy', 'DT__max_depth': 25}",0.8909156637634613,0.8854857920707867,0.8924215621267213,0.8962535222226544,0.9286669549680432,0.8987466785681534,0.01535238780891694,51,1.0,1.0,1.0,1.0,1.0,1.0,0.0
0.10697979927062988,0.00817517675190193,0.002091789245605469,5.302004659933243e-05,balanced,entropy,26,"{'DT__class_weight': 'balanced', 'DT__criterion': 'entropy', 'DT__max_depth': 26}",0.8909156637634613,0.8854857920707867,0.8924215621267213,0.8962535222226544,0.9286669549680432,0.8987466785681534,0.01535238780891694,51,1.0,1.0,1.0,1.0,1.0,1.0,0.0
0.106884765625,0.006926915922442161,0.0021074771881103515,3.2499032327469134e-05,balanced,entropy,27,"{'DT__class_weight': 'balanced', 'DT__criterion': 'entropy', 'DT__max_depth': 27}",0.8909156637634613,0.8854857920707867,0.8924215621267213,0.8962535222226544,0.9286669549680432,0.8987466785681534,0.01535238780891694,51,1.0,1.0,1.0,1.0,1.0,1.0,0.0
0.10605845451354981,0.006645536808840061,0.002028751373291016,3.851870375955998e-05,balanced,entropy,28,"{'DT__class_weight': 'balanced', 'DT__criterion': 'entropy', 'DT__max_depth': 28}",0.8909156637634613,0.8854857920707867,0.8924215621267213,0.8962535222226544,0.9286669549680432,0.8987466785681534,0.01535238780891694,51,1.0,1.0,1.0,1.0,1.0,1.0,0.0
0.10646872520446778,0.0060181309410800325,0.0021201610565185548,7.403341838960168e-05,balanced,entropy,29,"{'DT__class_weight': 'balanced', 'DT__criterion': 'entropy', 'DT__max_depth': 29}",0.8909156637634613,0.8854857920707867,0.8924215621267213,0.8962535222226544,0.9286669549680432,0.8987466785681534,0.01535238780891694,51,1.0,1.0,1.0,1.0,1.0,1.0,0.0
0.1065758228302002,0.006381636981194467,0.0020963668823242186,7.649862133834309e-05,balanced,entropy,30,"{'DT__class_weight': 'balanced', 'DT__criterion': 'entropy', 'DT__max_depth': 30}",0.8909156637634613,0.8854857920707867,0.8924215621267213,0.8962535222226544,0.9286669549680432,0.8987466785681534,0.01535238780891694,51,1.0,1.0,1.0,1.0,1.0,1.0,0.0
0.10617804527282715,0.006080113183765679,0.0021549224853515624,4.845791783419318e-05,balanced,entropy,31,"{'DT__class_weight': 'balanced', 'DT__criterion': 'entropy', 'DT__max_depth': 31}",0.8909156637634613,0.8854857920707867,0.8924215621267213,0.8962535222226544,0.9286669549680432,0.8987466785681534,0.01535238780891694,51,1.0,1.0,1.0,1.0,1.0,1.0,0.0
0.10658559799194336,0.006308496278511271,0.002332448959350586,0.0004586720394672161,balanced,entropy,32,"{'DT__class_weight': 'balanced', 'DT__criterion': 'entropy', 'DT__max_depth': 32}",0.8909156637634613,0.8854857920707867,0.8924215621267213,0.8962535222226544,0.9286669549680432,0.8987466785681534,0.01535238780891694,51,1.0,1.0,1.0,1.0,1.0,1.0,0.0
0.10630440711975098,0.00665244990118638,0.0020324230194091798,3.4458735471867986e-05,balanced,entropy,33,"{'DT__class_weight': 'balanced', 'DT__criterion': 'entropy', 'DT__max_depth': 33}",0.8909156637634613,0.8854857920707867,0.8924215621267213,0.8962535222226544,0.9286669549680432,0.8987466785681534,0.01535238780891694,51,1.0,1.0,1.0,1.0,1.0,1.0,0.0
0.10589184761047363,0.006154747578314873,0.0021351337432861327,0.0002221965276098452,balanced,entropy,34,"{'DT__class_weight': 'balanced', 'DT__criterion': 'entropy', 'DT__max_depth': 34}",0.8909156637634613,0.8854857920707867,0.8924215621267213,0.8962535222226544,0.9286669549680432,0.8987466785681534,0.01535238780891694,51,1.0,1.0,1.0,1.0,1.0,1.0,0.0
0.10634007453918456,0.0059831554734822955,0.0021411418914794923,7.764493349425736e-05,balanced,entropy,35,"{'DT__class_weight': 'balanced', 'DT__criterion': 'entropy', 'DT__max_depth': 35}",0.8909156637634613,0.8854857920707867,0.8924215621267213,0.8962535222226544,0.9286669549680432,0.8987466785681534,0.01535238780891694,51,1.0,1.0,1.0,1.0,1.0,1.0,0.0
0.10771913528442383,0.0050825491604935494,0.002075958251953125,6.167209843728986e-05,balanced,entropy,36,"{'DT__class_weight': 'balanced', 'DT__criterion': 'entropy', 'DT__max_depth': 36}",0.8909156637634613,0.8854857920707867,0.8924215621267213,0.8962535222226544,0.9286669549680432,0.8987466785681534,0.01535238780891694,51,1.0,1.0,1.0,1.0,1.0,1.0,0.0
0.10614080429077148,0.006984801176270009,0.0021753311157226562,0.0001573191945892736,balanced,entropy,37,"{'DT__class_weight': 'balanced', 'DT__criterion': 'entropy', 'DT__max_depth': 37}",0.8909156637634613,0.8854857920707867,0.8924215621267213,0.8962535222226544,0.9286669549680432,0.8987466785681534,0.01535238780891694,51,1.0,1.0,1.0,1.0,1.0,1.0,0.0
0.10662980079650879,0.006931147010992918,0.002105379104614258,7.52118380070927e-05,balanced,entropy,38,"{'DT__class_weight': 'balanced', 'DT__criterion': 'entropy', 'DT__max_depth': 38}",0.8909156637634613,0.8854857920707867,0.8924215621267213,0.8962535222226544,0.9286669549680432,0.8987466785681534,0.01535238780891694,51,1.0,1.0,1.0,1.0,1.0,1.0,0.0
0.10656876564025879,0.005871224368866096,0.00211482048034668,4.281280771915741e-05,balanced,entropy,39,"{'DT__class_weight': 'balanced', 'DT__criterion': 'entropy', 'DT__max_depth': 39}",0.8909156637634613,0.8854857920707867,0.8924215621267213,0.8962535222226544,0.9286669549680432,0.8987466785681534,0.01535238780891694,51,1.0,1.0,1.0,1.0,1.0,1.0,0.0
0.10626235008239746,0.00643242855990674,0.002117490768432617,7.31912574917976e-05,balanced,entropy,40,"{'DT__class_weight': 'balanced', 'DT__criterion': 'entropy', 'DT__max_depth': 40}",0.8909156637634613,0.8854857920707867,0.8924215621267213,0.8962535222226544,0.9286669549680432,0.8987466785681534,0.01535238780891694,51,1.0,1.0,1.0,1.0,1.0,1.0,0.0
0.10693821907043458,0.006959358038117372,0.002102947235107422,2.6115096104455692e-05,balanced,entropy,41,"{'DT__class_weight': 'balanced', 'DT__criterion': 'entropy', 'DT__max_depth': 41}",0.8909156637634613,0.8854857920707867,0.8924215621267213,0.8962535222226544,0.9286669549680432,0.8987466785681534,0.01535238780891694,51,1.0,1.0,1.0,1.0,1.0,1.0,0.0
0.10643868446350098,0.006572979774278964,0.002091836929321289,2.007274888580099e-05,balanced,entropy,42,"{'DT__class_weight': 'balanced', 'DT__criterion': 'entropy', 'DT__max_depth': 42}",0.8909156637634613,0.8854857920707867,0.8924215621267213,0.8962535222226544,0.9286669549680432,0.8987466785681534,0.01535238780891694,51,1.0,1.0,1.0,1.0,1.0,1.0,0.0
0.10790958404541015,0.005755003112530888,0.0022268772125244142,7.651793857944661e-05,balanced,entropy,43,"{'DT__class_weight': 'balanced', 'DT__criterion': 'entropy', 'DT__max_depth': 43}",0.8909156637634613,0.8854857920707867,0.8924215621267213,0.8962535222226544,0.9286669549680432,0.8987466785681534,0.01535238780891694,51,1.0,1.0,1.0,1.0,1.0,1.0,0.0
0.10848526954650879,0.006591664880089433,0.002163267135620117,7.05879425165231e-05,balanced,entropy,44,"{'DT__class_weight': 'balanced', 'DT__criterion': 'entropy', 'DT__max_depth': 44}",0.8909156637634613,0.8854857920707867,0.8924215621267213,0.8962535222226544,0.9286669549680432,0.8987466785681534,0.01535238780891694,51,1.0,1.0,1.0,1.0,1.0,1.0,0.0
0.10688276290893554,0.006511437225336612,0.0021047592163085938,4.655674506054721e-05,balanced,entropy,45,"{'DT__class_weight': 'balanced', 'DT__criterion': 'entropy', 'DT__max_depth': 45}",0.8909156637634613,0.8854857920707867,0.8924215621267213,0.8962535222226544,0.9286669549680432,0.8987466785681534,0.01535238780891694,51,1.0,1.0,1.0,1.0,1.0,1.0,0.0
0.10656166076660156,0.006395932214446899,0.0021367549896240236,5.637364826982131e-05,balanced,entropy,46,"{'DT__class_weight': 'balanced', 'DT__criterion': 'entropy', 'DT__max_depth': 46}",0.8909156637634613,0.8854857920707867,0.8924215621267213,0.8962535222226544,0.9286669549680432,0.8987466785681534,0.01535238780891694,51,1.0,1.0,1.0,1.0,1.0,1.0,0.0
0.10863428115844727,0.006866087281787694,0.002121639251708984,2.446709029807098e-05,balanced,entropy,47,"{'DT__class_weight': 'balanced', 'DT__criterion': 'entropy', 'DT__max_depth': 47}",0.8909156637634613,0.8854857920707867,0.8924215621267213,0.8962535222226544,0.9286669549680432,0.8987466785681534,0.01535238780891694,51,1.0,1.0,1.0,1.0,1.0,1.0,0.0
0.10751137733459473,0.006273421819287716,0.002032041549682617,3.3004916931890324e-05,balanced,entropy,48,"{'DT__class_weight': 'balanced', 'DT__criterion': 'entropy', 'DT__max_depth': 48}",0.8909156637634613,0.8854857920707867,0.8924215621267213,0.8962535222226544,0.9286669549680432,0.8987466785681534,0.01535238780891694,51,1.0,1.0,1.0,1.0,1.0,1.0,0.0
0.1064732551574707,0.006306989448001842,0.002119779586791992,0.00010712261112315105,balanced,entropy,49,"{'DT__class_weight': 'balanced', 'DT__criterion': 'entropy', 'DT__max_depth': 49}",0.8909156637634613,0.8854857920707867,0.8924215621267213,0.8962535222226544,0.9286669549680432,0.8987466785681534,0.01535238780891694,51,1.0,1.0,1.0,1.0,1.0,1.0,0.0
0.1068429946899414,0.006865670419271934,0.002086448669433594,8.355180363407938e-05,balanced,entropy,50,"{'DT__class_weight': 'balanced', 'DT__criterion': 'entropy', 'DT__max_depth': 50}",0.8909156637634613,0.8854857920707867,0.8924215621267213,0.8962535222226544,0.9286669549680432,0.8987466785681534,0.01535238780891694,51,1.0,1.0,1.0,1.0,1.0,1.0,0.0
0.012853670120239257,0.000248205874473514,0.0017729759216308593,0.00011905742508761042,,gini,1,"{'DT__class_weight': None, 'DT__criterion': 'gini', 'DT__max_depth': 1}",0.8831346833251713,0.8936217554925672,0.8806486357402281,0.9071832469738339,0.918005303602069,0.8965166531554973,0.014245737748065484,89,0.893890642780872,0.9025911441625066,0.9056729658903472,0.8992045673719851,0.896420807069447,0.8995560254550317,0.004211379436996317
0.022839784622192383,0.00015827424152522508,0.0018821239471435546,9.75697150758219e-05,,gini,2,"{'DT__class_weight': None, 'DT__criterion': 'gini', 'DT__max_depth': 2}",0.88332331681962,0.8936217554925672,0.8806486357402281,0.9071832469738339,0.918005303602069,0.8965543982987852,0.014210437380730207,88,0.8941744461443918,0.9025911441625066,0.9056729658903472,0.8992045673719851,0.896420807069447,0.8996127861277354,0.004135874997482088
0.032679176330566405,0.0004780540103160626,0.0020260334014892576,7.704047698782686e-05,,gini,3,"{'DT__class_weight': None, 'DT__criterion': 'gini', 'DT__max_depth': 3}",0.9118532684750261,0.8999740591643226,0.9100104006641156,0.9129851135653919,0.9348867474359371,0.9139406505640271,0.011440767030736218,22,0.9205974952512732,0.9253784468540379,0.9237371206301925,0.9171335615545354,0.9148598165368894,0.9203412881653857,0.003932081613561102
0.04282464981079102,0.0008665720642152349,0.0021489143371582033,0.0001393299409451429,,gini,4,"{'DT__class_weight': None, 'DT__criterion': 'gini', 'DT__max_depth': 4}",0.9099924911321762,0.8959377509038591,0.9054830287206265,0.9071832469738339,0.9268017472435591,0.9090788626451941,0.010040944270419986,28,0.9215288372395012,0.9253538166884435,0.9202833884413416,0.9141327713257278,0.9124905988343719,0.9187578825058772,0.004778748879854167
0.05191640853881836,0.0008171742092675665,0.0020859241485595703,0.0001398496808308759,,gini,5,"{'DT__class_weight': None, 'DT__criterion': 'gini', 'DT__max_depth': 5}",0.9056749514451992,0.8905420349517718,0.8846355698652805,0.9047259660874156,0.9248057941821661,0.9020765602855484,0.01395471768592874,39,0.9138656384763357,0.9302349501619066,0.9147029469595254,0.9200798937877487,0.9143227508725329,0.9186412360516097,0.006220123959677157
0.060691547393798825,0.0006128533951739979,0.0021150588989257814,0.00029905766821289423,,gini,6,"{'DT__class_weight': None, 'DT__criterion': 'gini', 'DT__max_depth': 6}",0.909613916867359,0.8905420349517718,0.9028266869705907,0.9071755042638293,0.9185741088180112,0.9057459286895495,0.009178785225476188,32,0.9309950340966475,0.937528339047006,0.928678931196156,0.9385509158291858,0.9231277015947444,0.9317761843527478,0.005726843756531555
0.0685948371887207,0.0022346697179555573,0.001961231231689453,2.5169595438145864e-05,,gini,7,"{'DT__class_weight': None, 'DT__criterion': 'gini', 'DT__max_depth': 7}",0.8963593961675226,0.8842597862106889,0.8959365166233407,0.9052945088949051,0.9289785554587698,0.9021636910228078,0.014978362614927614,38,0.9325555758679015,0.9346242373734415,0.9298429384889059,0.9401431388427043,0.9289438519456681,0.9332219485037243,0.004000828941921703
0.07454061508178711,0.0029469159769359298,0.0022227287292480467,0.00023965886803240953,,gini,8,"{'DT__class_weight': None, 'DT__criterion': 'gini', 'DT__max_depth': 8}",0.895793168382149,0.8872666978032565,0.9001615053322394,0.9003740012873491,0.9238579633337166,0.9014888779438256,0.0121493292591821,41,0.9421206361747154,0.9470800080083686,0.9462170974292805,0.9488005960560429,0.9398867025846908,0.9448210080506196,0.003302382344747453
0.0810462474822998,0.003714059490349482,0.002092790603637695,0.00012185810314827756,,gini,9,"{'DT__class_weight': None, 'DT__criterion': 'gini', 'DT__max_depth': 9}",0.8952276555142588,0.8813300981940779,0.8967333131819626,0.8796391744196251,0.9252862713035934,0.8956422447982765,0.01637594019600702,116,0.9449121907468803,0.9484186532315545,0.9532753007444774,0.9552607245341272,0.9487057856851704,0.950114530988442,0.003698612770893674
0.08544740676879883,0.003095193778712563,0.002103281021118164,3.689357841485206e-05,,gini,10,"{'DT__class_weight': None, 'DT__criterion': 'gini', 'DT__max_depth': 10}",0.8887303153946606,0.8803910564543044,0.8940513191181783,0.8919243298851229,0.921285165739362,0.8952744833006757,0.013809599894021744,120,0.9591673637553506,0.9570554839940869,0.9587980201081133,0.9622550510718113,0.9541794310805879,0.95829107000199,0.0026521795745044693
0.08856534957885742,0.0021079486918953077,0.002068614959716797,5.033887469704871e-05,,gini,11,"{'DT__class_weight': None, 'DT__criterion': 'gini', 'DT__max_depth': 11}",0.8929727262061613,0.869337639557872,0.9001858850192304,0.8940513191181783,0.9296301245971338,0.8972329950021924,0.019311194058112,85,0.9646339101652807,0.9689244147279009,0.9674039463773386,0.9656093035155581,0.9596015498986458,0.9652346249369448,0.0031797258018411313
0.09114990234375,0.0012391269577288035,0.0021036624908447265,8.222179872092295e-05,,gini,12,"{'DT__class_weight': None, 'DT__criterion': 'gini', 'DT__max_depth': 12}",0.8797530043347173,0.8663645414569284,0.8950411536630158,0.9015225230381773,0.9217795589430305,0.8928884682079217,0.018920498546591513,136,0.9695926666313254,0.9770548049888512,0.9712806506608529,0.9760094313917226,0.9729347838611498,0.9733744675067804,0.002805969608210402
0.09374680519104003,0.0023753353528926575,0.0021230220794677735,3.587121421308904e-05,,gini,13,"{'DT__class_weight': None, 'DT__criterion': 'gini', 'DT__max_depth': 13}",0.8927853280818099,0.8648778754570385,0.8950411536630158,0.9003740012873491,0.921214343387851,0.8948561568658789,0.01804547694163982,122,0.9776753885736968,0.9857434035551638,0.9773907835200955,0.9802755524011428,0.9819995183658571,0.9806169292831912,0.0030779703519902136
0.09897122383117676,0.004531649900636998,0.0023016929626464844,0.0002618357948563448,,gini,14,"{'DT__class_weight': None, 'DT__criterion': 'gini', 'DT__max_depth': 14}",0.8760829308089751,0.8680340013017069,0.8956044968005257,0.8973363382117351,0.921591076709115,0.8917259281850889,0.018678646998639976,162,0.9813913801767359,0.9888195761550802,0.9815533980582525,0.9837792444135207,0.987403698152343,0.9845894593911865,0.003030368130450232
0.09628257751464844,0.002348284410366372,0.0020718097686767576,4.854014904550629e-05,,gini,15,"{'DT__class_weight': None, 'DT__criterion': 'gini', 'DT__max_depth': 15}",0.8874204209204897,0.860206317146826,0.8923614117103856,0.8944785187756272,0.9235872740977927,0.8916080098455893,0.02017430629308991,163,0.9858258928208232,0.9927507988128448,0.987307633574795,0.9881880026713868,0.9908609908609909,0.9889866637481681,0.0024951669124450323
0.09649600982666015,0.002287057037956834,0.0020497322082519533,4.042060584914464e-05,,gini,16,"{'DT__class_weight': None, 'DT__criterion': 'gini', 'DT__max_depth': 16}",0.8727801278348192,0.8665489083411447,0.9047328427729834,0.8963985525282887,0.9235872740977927,0.892804909220933,0.02094361284201442,137,0.9903180416027755,0.9946812263092528,0.9903753609239654,0.990668847370885,0.9937649880095923,0.991961692843294,0.0018728173164263653
0.0971796989440918,0.00269455566840433,0.002076578140258789,5.000050868289229e-05,,gini,17,"{'DT__class_weight': None, 'DT__criterion': 'gini', 'DT__max_depth': 17}",0.8769546588488357,0.8672908190774988,0.8954627249152456,0.8832332666581502,0.9222701392982058,0.889039114130833,0.01896409474246199,167,0.9932756964457254,0.9971319311663482,0.9922670376137809,0.9927027636942428,0.9961722488038278,0.9943099355447851,0.0019625470078766735
0.09861679077148437,0.0031107465251287735,0.0021776676177978514,0.00010768682871085074,,gini,18,"{'DT__class_weight': None, 'DT__criterion': 'gini', 'DT__max_depth': 18}",0.8778197964894902,0.8669197049773663,0.9026634497676461,0.8652460652421319,0.9222701392982058,0.8869811497612321,0.022134764455004424,199,0.9971291866028709,0.9971319311663482,0.9942473633748803,0.9945851537551975,0.997131931166348,0.9960451132131289,0.0013342374407092701
0.09839754104614258,0.002783552479751472,0.0021510601043701174,4.666294418981281e-05,,gini,19,"{'DT__class_weight': None, 'DT__criterion': 'gini', 'DT__max_depth': 19}",0.8701842025120928,0.859835793364003,0.9032259599032425,0.8801325034060852,0.9251979114161469,0.8877108781415479,0.023611580653588,198,0.9980879541108987,0.998041728993265,0.9952107279693487,0.997131931166348,0.9980897803247373,0.9973124245129196,0.001112413542705643
0.09830584526062011,0.002017011493632552,0.002155971527099609,7.680178543450536e-05,,gini,20,"{'DT__class_weight': None, 'DT__criterion': 'gini', 'DT__max_depth': 20}",0.870739171412819,0.8547525780513642,0.8979346057932853,0.8696903836665455,0.9253862126342626,0.8836967580131458,0.025069189982883985,200,0.9990448901623686,0.9985680190930789,0.9966042731167907,0.9985680190930787,0.9990458015267175,0.9983662005984069,0.0009064575893056421
0.09854660034179688,0.002201735889160682,0.0022237300872802734,0.00011819955435272251,,gini,21,"{'DT__class_weight': None, 'DT__criterion': 'gini', 'DT__max_depth': 21}",0.8767085483977051,0.860206317146826,0.895649734086648,0.8879914793286362,0.9210260922060326,0.8883128495224031,0.020241872556717843,195,0.9995226730310263,0.9995231282784931,0.9980897803247373,0.9995231282784931,1.0,0.9993317419825498,0.0006478811050161941
0.09859962463378906,0.003334150468166208,0.002370405197143555,0.0003573263613982004,,gini,22,"{'DT__class_weight': None, 'DT__criterion': 'gini', 'DT__max_depth': 22}",0.8821199381455481,0.8575769660495788,0.8996487197469003,0.8864147121706558,0.9210260922060326,0.8893540551137605,0.020879588446356134,165,1.0,1.0,0.9985680190930787,1.0,1.0,0.9997136038186157,0.000572792362768526
0.09827585220336914,0.0030810156878030323,0.002191162109375,0.00021810667140124312,,gini,23,"{'DT__class_weight': None, 'DT__criterion': 'gini', 'DT__max_depth': 23}",0.8821199381455481,0.8575769660495788,0.8950889407566135,0.8864147121706558,0.9210260922060326,0.8884422903945824,0.020506358047691697,168,1.0,1.0,0.9990458015267175,1.0,1.0,0.9998091603053435,0.00038167938931299433
0.09813446998596191,0.0033270249641927153,0.0020801544189453123,5.185160672752113e-05,,gini,24,"{'DT__class_weight': None, 'DT__criterion': 'gini', 'DT__max_depth': 24}",0.8821199381455481,0.8575769660495788,0.8931684508526956,0.8864147121706558,0.9210260922060326,0.888058272892493,0.020395977361610574,196,1.0,1.0,0.9995231282784931,1.0,1.0,0.9999046256556987,0.00019074868860275985
0.09925336837768554,0.0037563201211963286,0.0021036624908447265,0.00010559231300208504,,gini,25,"{'DT__class_weight': None, 'DT__criterion': 'gini', 'DT__max_depth': 25}",0.8821199381455481,0.8575769660495788,0.894528849246407,0.8864147121706558,0.9210260922060326,0.8883302955633405,0.020471251156703434,169,1.0,1.0,1.0,1.0,1.0,1.0,0.0
0.09855518341064454,0.0032346710175214194,0.0021366119384765626,0.00012212549020517552,,gini,26,"{'DT__class_weight': None, 'DT__criterion': 'gini', 'DT__max_depth': 26}",0.8821199381455481,0.8575769660495788,0.894528849246407,0.8864147121706558,0.9210260922060326,0.8883302955633405,0.020471251156703434,169,1.0,1.0,1.0,1.0,1.0,1.0,0.0
0.09863405227661133,0.002908747170119375,0.0021708011627197266,0.00019499853163583853,,gini,27,"{'DT__class_weight': None, 'DT__criterion': 'gini', 'DT__max_depth': 27}",0.8821199381455481,0.8575769660495788,0.894528849246407,0.8864147121706558,0.9210260922060326,0.8883302955633405,0.020471251156703434,169,1.0,1.0,1.0,1.0,1.0,1.0,0.0
0.09868135452270507,0.0031424644615324895,0.002064943313598633,5.5123489197036586e-05,,gini,28,"{'DT__class_weight': None, 'DT__criterion': 'gini', 'DT__max_depth': 28}",0.8821199381455481,0.8575769660495788,0.894528849246407,0.8864147121706558,0.9210260922060326,0.8883302955633405,0.020471251156703434,169,1.0,1.0,1.0,1.0,1.0,1.0,0.0
0.09863848686218261,0.0023183116898177285,0.002119159698486328,9.687655409152325e-05,,gini,29,"{'DT__class_weight': None, 'DT__criterion': 'gini', 'DT__max_depth': 29}",0.8821199381455481,0.8575769660495788,0.894528849246407,0.8864147121706558,0.9210260922060326,0.8883302955633405,0.020471251156703434,169,1.0,1.0,1.0,1.0,1.0,1.0,0.0
0.09823498725891114,0.0033375012259329907,0.002133083343505859,5.945977725976929e-05,,gini,30,"{'DT__class_weight': None, 'DT__criterion': 'gini', 'DT__max_depth': 30}",0.8821199381455481,0.8575769660495788,0.894528849246407,0.8864147121706558,0.9210260922060326,0.8883302955633405,0.020471251156703434,169,1.0,1.0,1.0,1.0,1.0,1.0,0.0
0.09850201606750489,0.0032467749402645967,0.002082633972167969,8.441706666220447e-05,,gini,31,"{'DT__class_weight': None, 'DT__criterion': 'gini', 'DT__max_depth': 31}",0.8821199381455481,0.8575769660495788,0.894528849246407,0.8864147121706558,0.9210260922060326,0.8883302955633405,0.020471251156703434,169,1.0,1.0,1.0,1.0,1.0,1.0,0.0
0.09782991409301758,0.002979972899024968,0.002095937728881836,2.62156379169898e-05,,gini,32,"{'DT__class_weight': None, 'DT__criterion': 'gini', 'DT__max_depth': 32}",0.8821199381455481,0.8575769660495788,0.894528849246407,0.8864147121706558,0.9210260922060326,0.8883302955633405,0.020471251156703434,169,1.0,1.0,1.0,1.0,1.0,1.0,0.0
0.09784903526306152,0.0027465411794127784,0.002080202102661133,1.6188603964390173e-05,,gini,33,"{'DT__class_weight': None, 'DT__criterion': 'gini', 'DT__max_depth': 33}",0.8821199381455481,0.8575769660495788,0.894528849246407,0.8864147121706558,0.9210260922060326,0.8883302955633405,0.020471251156703434,169,1.0,1.0,1.0,1.0,1.0,1.0,0.0
0.09852724075317383,0.002230619708273452,0.0021010398864746093,2.2704960677909623e-05,,gini,34,"{'DT__class_weight': None, 'DT__criterion': 'gini', 'DT__max_depth': 34}",0.8821199381455481,0.8575769660495788,0.894528849246407,0.8864147121706558,0.9210260922060326,0.8883302955633405,0.020471251156703434,169,1.0,1.0,1.0,1.0,1.0,1.0,0.0
0.09785103797912598,0.002464368518470104,0.002109193801879883,3.6196494789682584e-05,,gini,35,"{'DT__class_weight': None, 'DT__criterion': 'gini', 'DT__max_depth': 35}",0.8821199381455481,0.8575769660495788,0.894528849246407,0.8864147121706558,0.9210260922060326,0.8883302955633405,0.020471251156703434,169,1.0,1.0,1.0,1.0,1.0,1.0,0.0
0.09870047569274902,0.002701193034482517,0.0021832942962646484,0.00011580887428506789,,gini,36,"{'DT__class_weight': None, 'DT__criterion': 'gini', 'DT__max_depth': 36}",0.8821199381455481,0.8575769660495788,0.894528849246407,0.8864147121706558,0.9210260922060326,0.8883302955633405,0.020471251156703434,169,1.0,1.0,1.0,1.0,1.0,1.0,0.0
0.09885525703430176,0.0028991324844264616,0.002077960968017578,3.8641937146366976e-05,,gini,37,"{'DT__class_weight': None, 'DT__criterion': 'gini', 'DT__max_depth': 37}",0.8821199381455481,0.8575769660495788,0.894528849246407,0.8864147121706558,0.9210260922060326,0.8883302955633405,0.020471251156703434,169,1.0,1.0,1.0,1.0,1.0,1.0,0.0
0.09810681343078613,0.0029882150905771927,0.0020649909973144533,2.8849790881511924e-05,,gini,38,"{'DT__class_weight': None, 'DT__criterion': 'gini', 'DT__max_depth': 38}",0.8821199381455481,0.8575769660495788,0.894528849246407,0.8864147121706558,0.9210260922060326,0.8883302955633405,0.020471251156703434,169,1.0,1.0,1.0,1.0,1.0,1.0,0.0
0.0986490249633789,0.0027854464901614236,0.0020685672760009767,4.440667483569938e-05,,gini,39,"{'DT__class_weight': None, 'DT__criterion': 'gini', 'DT__max_depth': 39}",0.8821199381455481,0.8575769660495788,0.894528849246407,0.8864147121706558,0.9210260922060326,0.8883302955633405,0.020471251156703434,169,1.0,1.0,1.0,1.0,1.0,1.0,0.0
0.09799017906188964,0.003109707441856713,0.0020321369171142577,3.139805228098947e-05,,gini,40,"{'DT__class_weight': None, 'DT__criterion': 'gini', 'DT__max_depth': 40}",0.8821199381455481,0.8575769660495788,0.894528849246407,0.8864147121706558,0.9210260922060326,0.8883302955633405,0.020471251156703434,169,1.0,1.0,1.0,1.0,1.0,1.0,0.0
0.09815392494201661,0.0026495462192077258,0.002129220962524414,7.50915732236808e-05,,gini,41,"{'DT__class_weight': None, 'DT__criterion': 'gini', 'DT__max_depth': 41}",0.8821199381455481,0.8575769660495788,0.894528849246407,0.8864147121706558,0.9210260922060326,0.8883302955633405,0.020471251156703434,169,1.0,1.0,1.0,1.0,1.0,1.0,0.0
0.09834122657775879,0.003163616645677693,0.002148008346557617,0.00012022487997973432,,gini,42,"{'DT__class_weight': None, 'DT__criterion': 'gini', 'DT__max_depth': 42}",0.8821199381455481,0.8575769660495788,0.894528849246407,0.8864147121706558,0.9210260922060326,0.8883302955633405,0.020471251156703434,169,1.0,1.0,1.0,1.0,1.0,1.0,0.0
0.0979379653930664,0.0027320829234400742,0.0020734310150146485,7.273831621490334e-05,,gini,43,"{'DT__class_weight': None, 'DT__criterion': 'gini', 'DT__max_depth': 43}",0.8821199381455481,0.8575769660495788,0.894528849246407,0.8864147121706558,0.9210260922060326,0.8883302955633405,0.020471251156703434,169,1.0,1.0,1.0,1.0,1.0,1.0,0.0
0.09924335479736328,0.0031590451884718025,0.002099275588989258,6.292100741552936e-05,,gini,44,"{'DT__class_weight': None, 'DT__criterion': 'gini', 'DT__max_depth': 44}",0.8821199381455481,0.8575769660495788,0.894528849246407,0.8864147121706558,0.9210260922060326,0.8883302955633405,0.020471251156703434,169,1.0,1.0,1.0,1.0,1.0,1.0,0.0
0.09845957756042481,0.002929178645570505,0.002126741409301758,0.00013167272532625863,,gini,45,"{'DT__class_weight': None, 'DT__criterion': 'gini', 'DT__max_depth': 45}",0.8821199381455481,0.8575769660495788,0.894528849246407,0.8864147121706558,0.9210260922060326,0.8883302955633405,0.020471251156703434,169,1.0,1.0,1.0,1.0,1.0,1.0,0.0
0.09803218841552734,0.001882237594673635,0.002085971832275391,0.00010594656380026147,,gini,46,"{'DT__class_weight': None, 'DT__criterion': 'gini', 'DT__max_depth': 46}",0.8821199381455481,0.8575769660495788,0.894528849246407,0.8864147121706558,0.9210260922060326,0.8883302955633405,0.020471251156703434,169,1.0,1.0,1.0,1.0,1.0,1.0,0.0
0.0991891860961914,0.002563364076665436,0.00232844352722168,0.00037276128090421595,,gini,47,"{'DT__class_weight': None, 'DT__criterion': 'gini', 'DT__max_depth': 47}",0.8821199381455481,0.8575769660495788,0.894528849246407,0.8864147121706558,0.9210260922060326,0.8883302955633405,0.020471251156703434,169,1.0,1.0,1.0,1.0,1.0,1.0,0.0
0.09797177314758301,0.0034338035848604865,0.002098751068115234,3.829551624130846e-05,,gini,48,"{'DT__class_weight': None, 'DT__criterion': 'gini', 'DT__max_depth': 48}",0.8821199381455481,0.8575769660495788,0.894528849246407,0.8864147121706558,0.9210260922060326,0.8883302955633405,0.020471251156703434,169,1.0,1.0,1.0,1.0,1.0,1.0,0.0
0.09776854515075684,0.002906432681697331,0.002084207534790039,0.00010458587996183783,,gini,49,"{'DT__class_weight': None, 'DT__criterion': 'gini', 'DT__max_depth': 49}",0.8821199381455481,0.8575769660495788,0.894528849246407,0.8864147121706558,0.9210260922060326,0.8883302955633405,0.020471251156703434,169,1.0,1.0,1.0,1.0,1.0,1.0,0.0
0.09816422462463378,0.0024274736888548207,0.0020910263061523437,6.395621823983684e-05,,gini,50,"{'DT__class_weight': None, 'DT__criterion': 'gini', 'DT__max_depth': 50}",0.8821199381455481,0.8575769660495788,0.894528849246407,0.8864147121706558,0.9210260922060326,0.8883302955633405,0.020471251156703434,169,1.0,1.0,1.0,1.0,1.0,1.0,0.0
0.017259740829467775,0.00020485079709676613,0.0018594741821289062,0.00016701063370483924,,entropy,1,"{'DT__class_weight': None, 'DT__criterion': 'entropy', 'DT__max_depth': 1}",0.9054857047515747,0.8971118844112336,0.8889592598201866,0.9071832469738339,0.918005303602069,0.9033489427455678,0.009797516194998964,34,0.9060973390508147,0.9081690726557065,0.9101371030196482,0.8992045673719851,0.896420807069447,0.9040057778335203,0.005289313831263562
0.03261690139770508,0.00079399505872019,0.0020658016204833985,0.0001432234679880188,,entropy,2,"{'DT__class_weight': None, 'DT__criterion': 'entropy', 'DT__max_depth': 2}",0.9054857047515747,0.8971118844112336,0.8889592598201866,0.9071832469738339,0.918005303602069,0.9033489427455678,0.009797516194998964,34,0.9060973390508147,0.9081690726557065,0.9101371030196482,0.8992045673719851,0.896420807069447,0.9040057778335203,0.005289313831263562
0.04605245590209961,0.0005511347325915739,0.002084827423095703,0.0001033874451364603,,entropy,3,"{'DT__class_weight': None, 'DT__criterion': 'entropy', 'DT__max_depth': 3}",0.8990332743343001,0.8914847196858303,0.8732712864443177,0.8582384545648459,0.918005303602069,0.888008390897468,0.02067133486053985,197,0.9041072988510273,0.8990555391056192,0.9043951336065958,0.8853455051069804,0.896420807069447,0.8978648567479339,0.006954851094336015
0.05958700180053711,0.0004730459657335924,0.0020524024963378905,0.00011837943193932872,,entropy,4,"{'DT__class_weight': None, 'DT__criterion': 'entropy', 'DT__max_depth': 4}",0.9094247478309815,0.901129136509813,0.8828358683892314,0.8678635672129194,0.934317871094506,0.8991158191487915,0.02276306073465027,49,0.9256155479520293,0.929609475251407,0.9077973703797562,0.8946150470880857,0.9181810768478184,0.9151637035038194,0.012677034825514969
0.0710747241973877,0.0009582950824739986,0.002105998992919922,0.0001638618407447065,,entropy,5,"{'DT__class_weight': None, 'DT__criterion': 'entropy', 'DT__max_depth': 5}",0.9114748562713942,0.8909188695060933,0.9113127545038812,0.8909174925596918,0.9325467316373592,0.9074335518580643,0.015539760181206345,30,0.9282492936703127,0.9273248791562444,0.9283151179207777,0.9116601887757363,0.9180682966192073,0.9227235552284558,0.0067385614272567574
0.07968654632568359,0.0012696737970362703,0.002125263214111328,0.00017881323496363887,,entropy,6,"{'DT__class_weight': None, 'DT__criterion': 'entropy', 'DT__max_depth': 6}",0.9110967580138771,0.8885835348346416,0.8912947900637499,0.9051060675517744,0.9248057941821661,0.9041772663481603,0.013291607236831215,33,0.9275864129033676,0.93167000627174,0.92463895870963,0.9336713176366965,0.9214535025298303,0.9278040396102529,0.0044668796573934825
0.08749895095825196,0.0018154784221055327,0.0022194385528564453,0.00038772042480695863,,entropy,7,"{'DT__class_weight': None, 'DT__criterion': 'entropy', 'DT__max_depth': 7}",0.900185973026337,0.8891490908855364,0.8848241978158091,0.8931116923126292,0.9360804614656275,0.9006694107857552,0.018410731763133178,43,0.932490480861121,0.9362051778013238,0.9318428832042467,0.9351775827473146,0.9385032793789949,0.9348438807986004,0.0024454104897721294
0.09394750595092774,0.002173459166572862,0.002101898193359375,0.0001269281043444302,,entropy,8,"{'DT__class_weight': None, 'DT__criterion': 'entropy', 'DT__max_depth': 8}",0.9003747348949932,0.8883951759971411,0.8889592598201866,0.8952288559483814,0.930577311665544,0.900706161354507,0.015567565406446946,42,0.9336052013305127,0.9413922387750091,0.941740968020489,0.9490865044336905,0.942654344502534,0.941695851412447,0.004921245695439239
0.0984299659729004,0.00241266394148121,0.002083873748779297,8.465647172870766e-05,,entropy,9,"{'DT__class_weight': None, 'DT__criterion': 'entropy', 'DT__max_depth': 9}",0.9064206644403578,0.893677326164589,0.8811406123266651,0.8904220003005502,0.9241529128142633,0.8991633339220533,0.014888174019738494,48,0.9481760206821602,0.9599488255579592,0.9512784896908191,0.9575633935186837,0.9527491147153029,0.953943168832985,0.004265213181855741
0.10091900825500488,0.003231898014445099,0.0020458221435546873,5.583545263586394e-05,,entropy,10,"{'DT__class_weight': None, 'DT__criterion': 'entropy', 'DT__max_depth': 10}",0.9069726910753294,0.8905420349517718,0.8894114914496412,0.876143067876609,0.9223454685055452,0.897083875381696,0.01597454973290093,87,0.9637877710731181,0.9637426340634252,0.9607499194280014,0.9669440455855539,0.9546999967186043,0.9619848733737406,0.0041358938794821476
0.10373177528381347,0.0035072101543957906,0.0020895481109619142,0.00012941314792763267,,entropy,11,"{'DT__class_weight': None, 'DT__criterion': 'entropy', 'DT__max_depth': 11}",0.9000145973356675,0.8940532712066082,0.8778272427794999,0.8805060072159477,0.9217795589430308,0.8948368041691072,0.015797403987299546,123,0.9694008329982745,0.9708968825500046,0.9648597421840837,0.973891099734426,0.9669440455855539,0.9691985206104686,0.0031258060811813824
0.10597739219665528,0.0031522389488217034,0.0020494461059570312,4.3348930098684e-05,,entropy,12,"{'DT__class_weight': None, 'DT__criterion': 'entropy', 'DT__max_depth': 12}",0.9067846189023175,0.8867035331055043,0.890984780439322,0.8744653430209751,0.9300883058420867,0.8978057951572865,0.01916798017733671,83,0.9763704280903418,0.9738910812825304,0.9761533513128101,0.9789793788845899,0.9752499093407139,0.9761288297821972,0.0016712043994276476
0.10816588401794433,0.0035188238671943197,0.002093219757080078,5.6838629228616565e-05,,entropy,13,"{'DT__class_weight': None, 'DT__criterion': 'entropy', 'DT__max_depth': 13}",0.9013421953605628,0.8814434577114046,0.8861387777245837,0.8752102045842275,0.9228341653491354,0.8933940357828032,0.01706335369199448,130,0.983763728848846,0.9813132694747031,0.9874120014861575,0.9815533980582525,0.9844150666479266,0.983691492903177,0.0022180332438267924
0.10860171318054199,0.00438409527273277,0.0020604610443115236,6.863348311021047e-05,,entropy,14,"{'DT__class_weight': None, 'DT__criterion': 'entropy', 'DT__max_depth': 14}",0.9088347395126543,0.8834228472206526,0.8870769476953512,0.8730136229659642,0.9208379179471743,0.8946384150041771,0.01754085676848334,125,0.9844961240310081,0.9839713312571383,0.9912020379878128,0.985983566940551,0.9893066192133527,0.9869919358859726,0.0028090089242712706
0.10963306427001954,0.004112753319540155,0.0020399093627929688,3.610195815154207e-05,,entropy,15,"{'DT__class_weight': None, 'DT__criterion': 'entropy', 'DT__max_depth': 15}",0.9020927377512019,0.885579345697614,0.8868891548138383,0.8750238702563196,0.9195228480232487,0.8938221710016472,0.01547988687966451,127,0.985479186834463,0.9879401833092144,0.9942473633748803,0.9893066192133527,0.9913461538461539,0.9896639013156128,0.002981569639642135
0.11018223762512207,0.0029636110158329895,0.002107381820678711,0.00010052220406642841,,entropy,16,"{'DT__class_weight': None, 'DT__criterion': 'entropy', 'DT__max_depth': 16}",0.8966144758154144,0.8830487986192386,0.8902345648759282,0.8826723377299154,0.9153157915727916,0.8935768826575008,0.012021826776161806,129,0.9898795180722894,0.9898892633606169,0.9975630379535524,0.9903753609239654,0.9937649880095923,0.9922944336640033,0.003007331805043717
0.10989375114440918,0.0034156659524123283,0.0021064281463623047,5.0959817104653996e-05,,entropy,17,"{'DT__class_weight': None, 'DT__criterion': 'entropy', 'DT__max_depth': 17}",0.9009673923097158,0.8832357833177371,0.8837949089685255,0.8750238702563196,0.9218945048043514,0.8929837263978856,0.016741381379127982,134,0.9912897769458104,0.9908129433842048,0.9976110845676063,0.9918308505526189,0.9942473633748803,0.9931584037650241,0.0025206168880187673
0.11065621376037597,0.0038159892707598487,0.0021396636962890624,0.00015854176529117968,,entropy,18,"{'DT__class_weight': None, 'DT__criterion': 'entropy', 'DT__max_depth': 18}",0.8954925150151682,0.8832357833177371,0.8808798281697008,0.8750238702563196,0.9171425361816854,0.8903551270165049,0.014961773932750971,164,0.992743877960195,0.9923150816522578,0.9985680190930787,0.9932821497120922,0.9966523194643712,0.9947122895763989,0.002461581452069865
0.11116929054260254,0.0038419618759349566,0.002164459228515625,9.176069224871899e-05,,entropy,19,"{'DT__class_weight': None, 'DT__criterion': 'entropy', 'DT__max_depth': 19}",0.9015297138490587,0.8867911485503482,0.8882853276628646,0.8722688993548405,0.9167677801102319,0.8931293047934791,0.015019748207316089,133,0.9898795180722894,0.9946331807869782,0.9990458015267175,0.9937649880095923,0.997131931166348,0.9948910839123851,0.003121969668156084
0.11200122833251953,0.0034871946589584936,0.0021039485931396485,5.920036540089827e-05,,entropy,20,"{'DT__class_weight': None, 'DT__criterion': 'entropy', 'DT__max_depth': 20}",0.9020927377512019,0.8823016508641871,0.8904220003005504,0.8746514395253158,0.9195228480232487,0.8937984909794833,0.01575156447357913,128,0.9913378248315688,0.9979936822882689,0.9995231282784931,0.9942473633748803,0.9980897803247373,0.9962383558195897,0.00300925002936345
0.1112328052520752,0.003930857524096242,0.0021334171295166017,7.86046060279482e-05,,entropy,21,"{'DT__class_weight': None, 'DT__criterion': 'entropy', 'DT__max_depth': 21}",0.9047209611682778,0.8803219430545439,0.8837949089685255,0.8748376152535637,0.9163933301738545,0.8920147101404466,0.015842992004081978,158,0.9942418426103647,0.9995231282784931,0.9995231282784931,0.9942473633748803,0.9980897803247373,0.9971250485733938,0.002409407753912093
0.11194615364074707,0.004670959583473425,0.002091836929321289,8.429820155659896e-05,,entropy,22,"{'DT__class_weight': None, 'DT__criterion': 'entropy', 'DT__max_depth': 22}",0.8924627711773153,0.8783321919030965,0.8857640651365698,0.8717111899261378,0.9173300291354101,0.8891197629342567,0.01573197221961169,166,0.9966491144088082,0.9995231282784931,1.0,0.9951626821886939,0.9990458015267175,0.9980761452805427,0.0018579501774875552
0.11320362091064454,0.004828845594805336,0.0020877838134765623,6.626001910238125e-05,,entropy,23,"{'DT__class_weight': None, 'DT__criterion': 'entropy', 'DT__max_depth': 23}",0.9011547548636641,0.885579345697614,0.8857640651365698,0.8764655469890368,0.9174638815618239,0.8932860798428187,0.014458436102612826,131,0.9966010634448682,1.0,1.0,0.9952107279693487,1.0,0.9983623582828434,0.002053316552338262
0.11326565742492675,0.005345526014134998,0.002069377899169922,3.9845900741958176e-05,,entropy,24,"{'DT__class_weight': None, 'DT__criterion': 'entropy', 'DT__max_depth': 24}",0.8945174138459259,0.885579345697614,0.8857640651365698,0.8764655469890368,0.9174638815618239,0.8919579626465748,0.013971277707342768,160,0.9966491144088082,1.0,1.0,0.9966523194643712,1.0,0.9986602867746359,0.001640807214928505
0.11291756629943847,0.004579938999021522,0.0020525455474853516,4.6223453903538055e-05,,entropy,25,"{'DT__class_weight': None, 'DT__criterion': 'entropy', 'DT__max_depth': 25}",0.89907665045462,0.885579345697614,0.8857640651365698,0.8744653430209751,0.9174638815618239,0.8924702987915215,0.01472942656692399,139,0.997608799617408,1.0,1.0,0.9966523194643712,1.0,0.9988522238163557,0.0014379049620633802
0.11197190284729004,0.004887037952786614,0.0021009922027587892,4.727291536041838e-05,,entropy,26,"{'DT__class_weight': None, 'DT__criterion': 'entropy', 'DT__max_depth': 26}",0.9011547548636641,0.885579345697614,0.8857640651365698,0.8762795760230128,0.9174638815618239,0.8932488934427819,0.014501823934346791,132,0.9985666507405637,1.0,1.0,0.9966523194643712,1.0,0.9990437940409869,0.0013183175556666638
0.11393680572509765,0.0062445493337706165,0.0021532058715820314,0.00010842048119099393,,entropy,27,"{'DT__class_weight': None, 'DT__criterion': 'entropy', 'DT__max_depth': 27}",0.8994515945145165,0.885579345697614,0.8857640651365698,0.8752102045842275,0.9174638815618239,0.8926942653641711,0.01458330724991084,138,0.9985666507405637,1.0,1.0,0.997131931166348,1.0,0.9991397163813824,0.0011471590484133365
0.11250886917114258,0.006015198146899057,0.002068948745727539,4.0462210859127135e-05,,entropy,28,"{'DT__class_weight': None, 'DT__criterion': 'entropy', 'DT__max_depth': 28}",0.9101241322194777,0.885579345697614,0.8857640651365698,0.8766515969082687,0.9174638815618239,0.8951180345182739,0.0157730205510459,121,0.9994746215318565,1.0,1.0,0.9976110845676063,1.0,0.9994171412198926,0.0009256692379220571
0.11390805244445801,0.004243947561101807,0.0021721839904785155,0.00014855765048689195,,entropy,29,"{'DT__class_weight': None, 'DT__criterion': 'entropy', 'DT__max_depth': 29}",0.8988892956242132,0.885579345697614,0.8857640651365698,0.876837725830998,0.9174638815618239,0.8929071866526739,0.014153443046870268,135,1.0,1.0,1.0,0.9976110845676063,1.0,0.9995222169135213,0.0009555661729574894
0.11231727600097656,0.005316328791048417,0.0020764827728271484,4.217289732879438e-05,,entropy,30,"{'DT__class_weight': None, 'DT__criterion': 'entropy', 'DT__max_depth': 30}",0.8988892956242132,0.885579345697614,0.8857640651365698,0.8815526145900578,0.9174638815618239,0.8938499668256862,0.013174835147318948,126,1.0,1.0,1.0,0.9980897803247373,1.0,0.9996179560649475,0.0007640878701050901
0.11218538284301757,0.005741973862870623,0.002129983901977539,7.989696510516378e-05,,entropy,31,"{'DT__class_weight': None, 'DT__criterion': 'entropy', 'DT__max_depth': 31}",0.8988892956242132,0.885579345697614,0.8857640651365698,0.8722688993548405,0.9174638815618239,0.8919936128154593,0.015265011340644483,159,1.0,1.0,1.0,0.9985680190930787,1.0,0.9997136038186157,0.000572792362768526
0.11305298805236816,0.0060720752777737854,0.0020590305328369142,5.018977817324911e-05,,entropy,32,"{'DT__class_weight': None, 'DT__criterion': 'entropy', 'DT__max_depth': 32}",0.8988892956242132,0.885579345697614,0.8857640651365698,0.8717111899261378,0.9174638815618239,0.8918820943006964,0.015410050982282106,161,1.0,1.0,1.0,0.9985680190930787,1.0,0.9997136038186157,0.000572792362768526
0.1125187873840332,0.005769068287946043,0.002095603942871094,9.507511160673838e-05,,entropy,33,"{'DT__class_weight': None, 'DT__criterion': 'entropy', 'DT__max_depth': 33}",0.8988892956242132,0.885579345697614,0.8857640651365698,0.8744653430209751,0.9174638815618239,0.8924328095060685,0.014712793430752684,140,1.0,1.0,1.0,1.0,1.0,1.0,0.0
0.11240320205688477,0.0048160767516989686,0.0022811412811279295,0.00023895572236201494,,entropy,34,"{'DT__class_weight': None, 'DT__criterion': 'entropy', 'DT__max_depth': 34}",0.8988892956242132,0.885579345697614,0.8857640651365698,0.8744653430209751,0.9174638815618239,0.8924328095060685,0.014712793430752684,140,1.0,1.0,1.0,1.0,1.0,1.0,0.0
0.11236329078674316,0.0048806693646974205,0.002085971832275391,3.145838965913769e-05,,entropy,35,"{'DT__class_weight': None, 'DT__criterion': 'entropy', 'DT__max_depth': 35}",0.8988892956242132,0.885579345697614,0.8857640651365698,0.8744653430209751,0.9174638815618239,0.8924328095060685,0.014712793430752684,140,1.0,1.0,1.0,1.0,1.0,1.0,0.0
0.11272282600402832,0.005115931700680051,0.0021533966064453125,0.00011359518191375556,,entropy,36,"{'DT__class_weight': None, 'DT__criterion': 'entropy', 'DT__max_depth': 36}",0.8988892956242132,0.885579345697614,0.8857640651365698,0.8744653430209751,0.9174638815618239,0.8924328095060685,0.014712793430752684,140,1.0,1.0,1.0,1.0,1.0,1.0,0.0
0.11229104995727539,0.004886182825597317,0.0021280288696289063,0.0001414650245159265,,entropy,37,"{'DT__class_weight': None, 'DT__criterion': 'entropy', 'DT__max_depth': 37}",0.8988892956242132,0.885579345697614,0.8857640651365698,0.8744653430209751,0.9174638815618239,0.8924328095060685,0.014712793430752684,140,1.0,1.0,1.0,1.0,1.0,1.0,0.0
0.11279544830322266,0.0052138852611712345,0.002142667770385742,8.014453923816954e-05,,entropy,38,"{'DT__class_weight': None, 'DT__criterion': 'entropy', 'DT__max_depth': 38}",0.8988892956242132,0.885579345697614,0.8857640651365698,0.8744653430209751,0.9174638815618239,0.8924328095060685,0.014712793430752684,140,1.0,1.0,1.0,1.0,1.0,1.0,0.0
0.11200494766235351,0.005375508113954443,0.002073383331298828,5.200577635657627e-05,,entropy,39,"{'DT__class_weight': None, 'DT__criterion': 'entropy', 'DT__max_depth': 39}",0.8988892956242132,0.885579345697614,0.8857640651365698,0.8744653430209751,0.9174638815618239,0.8924328095060685,0.014712793430752684,140,1.0,1.0,1.0,1.0,1.0,1.0,0.0
0.11264586448669434,0.005273533551682613,0.0022368431091308594,0.0003097598554971099,,entropy,40,"{'DT__class_weight': None, 'DT__criterion': 'entropy', 'DT__max_depth': 40}",0.8988892956242132,0.885579345697614,0.8857640651365698,0.8744653430209751,0.9174638815618239,0.8924328095060685,0.014712793430752684,140,1.0,1.0,1.0,1.0,1.0,1.0,0.0
0.11260194778442383,0.004900096582011876,0.0020636558532714845,4.0099311720028e-05,,entropy,41,"{'DT__class_weight': None, 'DT__criterion': 'entropy', 'DT__max_depth': 41}",0.8988892956242132,0.885579345697614,0.8857640651365698,0.8744653430209751,0.9174638815618239,0.8924328095060685,0.014712793430752684,140,1.0,1.0,1.0,1.0,1.0,1.0,0.0
0.11196064949035645,0.005360259809584688,0.0020755767822265626,5.6310127827475e-05,,entropy,42,"{'DT__class_weight': None, 'DT__criterion': 'entropy', 'DT__max_depth': 42}",0.8988892956242132,0.885579345697614,0.8857640651365698,0.8744653430209751,0.9174638815618239,0.8924328095060685,0.014712793430752684,140,1.0,1.0,1.0,1.0,1.0,1.0,0.0
0.11279044151306153,0.00509431812402393,0.0020604610443115236,3.7806421326518904e-05,,entropy,43,"{'DT__class_weight': None, 'DT__criterion': 'entropy', 'DT__max_depth': 43}",0.8988892956242132,0.885579345697614,0.8857640651365698,0.8744653430209751,0.9174638815618239,0.8924328095060685,0.014712793430752684,140,1.0,1.0,1.0,1.0,1.0,1.0,0.0
0.11272177696228028,0.005652211343861525,0.002019786834716797,3.414953127645121e-05,,entropy,44,"{'DT__class_weight': None, 'DT__criterion': 'entropy', 'DT__max_depth': 44}",0.8988892956242132,0.885579345697614,0.8857640651365698,0.8744653430209751,0.9174638815618239,0.8924328095060685,0.014712793430752684,140,1.0,1.0,1.0,1.0,1.0,1.0,0.0
0.11285276412963867,0.0062947833428102055,0.0020854949951171877,4.303158805330284e-05,,entropy,45,"{'DT__class_weight': None, 'DT__criterion': 'entropy', 'DT__max_depth': 45}",0.8988892956242132,0.885579345697614,0.8857640651365698,0.8744653430209751,0.9174638815618239,0.8924328095060685,0.014712793430752684,140,1.0,1.0,1.0,1.0,1.0,1.0,0.0
0.1128652572631836,0.005276346005205181,0.0020762920379638673,1.697205392614615e-05,,entropy,46,"{'DT__class_weight': None, 'DT__criterion': 'entropy', 'DT__max_depth': 46}",0.8988892956242132,0.885579345697614,0.8857640651365698,0.8744653430209751,0.9174638815618239,0.8924328095060685,0.014712793430752684,140,1.0,1.0,1.0,1.0,1.0,1.0,0.0
0.11302022933959961,0.005100733993805888,0.0020795345306396486,0.00011291403222279531,,entropy,47,"{'DT__class_weight': None, 'DT__criterion': 'entropy', 'DT__max_depth': 47}",0.8988892956242132,0.885579345697614,0.8857640651365698,0.8744653430209751,0.9174638815618239,0.8924328095060685,0.014712793430752684,140,1.0,1.0,1.0,1.0,1.0,1.0,0.0
0.11244816780090332,0.004778187767392518,0.002438926696777344,0.000594763683908246,,entropy,48,"{'DT__class_weight': None, 'DT__criterion': 'entropy', 'DT__max_depth': 48}",0.8988892956242132,0.885579345697614,0.8857640651365698,0.8744653430209751,0.9174638815618239,0.8924328095060685,0.014712793430752684,140,1.0,1.0,1.0,1.0,1.0,1.0,0.0
0.11219348907470703,0.005184439119604456,0.0021125316619873048,5.727102112027797e-05,,entropy,49,"{'DT__class_weight': None, 'DT__criterion': 'entropy', 'DT__max_depth': 49}",0.8988892956242132,0.885579345697614,0.8857640651365698,0.8744653430209751,0.9174638815618239,0.8924328095060685,0.014712793430752684,140,1.0,1.0,1.0,1.0,1.0,1.0,0.0
0.11324834823608398,0.005848127048130747,0.0021800994873046875,0.00017536298331420863,,entropy,50,"{'DT__class_weight': None, 'DT__criterion': 'entropy', 'DT__max_depth': 50}",0.8988892956242132,0.885579345697614,0.8857640651365698,0.8744653430209751,0.9174638815618239,0.8924328095060685,0.014712793430752684,140,1.0,1.0,1.0,1.0,1.0,1.0,0.0
